datumtijd;huidigeuurprijs;Dagmax;Dagmin;Percentage
17-10-2025 17:31:58;0.296571;0.33123145;0.25220635;89.54
17-10-2025 18:31:58;0.3125914;0.33123145;0.25220635;94.37
17-10-2025 19:31:59;0.31622745;0.33123145;0.25220635;95.47
17-10-2025 20:31:59;0.298733875;0.33123145;0.25220635;90.19
17-10-2025 21:32:00;0.28273465;0.33123145;0.25220635;85.36
17-10-2025 22:32:00;0.280559675;0.33123145;0.25220635;84.7
17-10-2025 23:32:01;0.268665375;0.33123145;0.25220635;81.11
18-10-2025 00:32:01;0.2711973;0.310646325;0.229346425;87.3
18-10-2025 01:32:02;0.265961025;0.310646325;0.229346425;85.62
18-10-2025 02:32:02;0.265610125;0.310646325;0.229346425;85.5
18-10-2025 03:32:02;0.262385475;0.310646325;0.229346425;84.46
18-10-2025 04:32:03;0.26055535;0.310646325;0.229346425;83.88
18-10-2025 05:32:03;0.26154755;0.310646325;0.229346425;84.19
18-10-2025 06:32:04;0.265595;0.310646325;0.229346425;85.5
18-10-2025 07:32:04;0.287087625;0.310646325;0.229346425;92.42
18-10-2025 08:32:05;0.2951795;0.310646325;0.229346425;95.02
18-10-2025 09:32:05;0.279978875;0.310646325;0.229346425;90.13
18-10-2025 10:32:06;0.264085525;0.310646325;0.229346425;85.01
19-10-2025 15:11:05;0.23531475;0.28528775;0.179506525;82.48
19-10-2025 16:11:05;0.24952015;0.28528775;0.179506525;87.46
19-10-2025 17:11:06;0.28528775;0.28528775;0.179506525;100.0
19-10-2025 18:11:06;0.2741134;0.28528775;0.179506525;96.08
19-10-2025 19:11:07;0.268060375;0.28528775;0.179506525;93.96
19-10-2025 20:11:07;0.2490301;0.28528775;0.179506525;87.29
19-10-2025 21:11:08;0.241307275;0.28528775;0.179506525;84.58
19-10-2025 22:11:08;0.24079;0.28528775;0.179506525;84.4
19-10-2025 23:11:09;0.223974025;0.28528775;0.179506525;78.51
20-10-2025 00:11:09;0.231463925;0.300778775;0.2184534;76.95
20-10-2025 01:11:09;0.222576475;0.300778775;0.2184534;74.0
20-10-2025 02:11:10;0.22132715;0.300778775;0.2184534;73.58
20-10-2025 03:11:10;0.219757175;0.300778775;0.2184534;73.06
20-10-2025 04:11:11;0.2199054;0.300778775;0.2184534;73.11
20-10-2025 05:11:11;0.234162225;0.300778775;0.2184534;77.85
20-10-2025 06:11:12;0.2461382;0.300778775;0.2184534;81.83
20-10-2025 07:11:12;0.26384655;0.300778775;0.2184534;87.72
20-10-2025 08:11:13;0.30071525;0.300778775;0.2184534;99.98
20-10-2025 09:11:13;0.300778775;0.300778775;0.2184534;100.0
20-10-2025 10:11:14;0.2753234;0.300778775;0.2184534;91.54
20-10-2025 11:11:14;0.24011845;0.300778775;0.2184534;79.83
20-10-2025 12:11:14;0.22661485;0.300778775;0.2184534;75.34
20-10-2025 13:11:15;0.229679175;0.300778775;0.2184534;76.36
20-10-2025 14:11:15;0.236061925;0.300778775;0.2184534;78.48
20-10-2025 14:35:21;0.236061925;0.300778775;0.2184534;78.48
20-10-2025 15:35:21;0.25808695;0.300778775;0.2184534;85.81
20-10-2025 16:35:22;0.27935875;0.300778775;0.2184534;92.88
20-10-2025 17:35:22;0.290451425;0.300778775;0.2184534;96.57
20-10-2025 18:35:23;0.297777975;0.300778775;0.2184534;99.0
20-10-2025 19:35:23;0.27998795;0.300778775;0.2184534;93.09
20-10-2025 20:35:24;0.25380355;0.300778775;0.2184534;84.38
20-10-2025 21:35:24;0.248137725;0.300778775;0.2184534;82.5
20-10-2025 22:35:25;0.233424125;0.300778775;0.2184534;77.61
20-10-2025 23:35:25;0.2184534;0.300778775;0.2184534;72.63
21-10-2025 00:35:26;0.2188648;0.30122345;0.1773134;72.66
22-10-2025 10:54:24;0.277873475;0.505341375;0.2470457;54.99
22-10-2025 10:56:39;0.277873475;0.505341375;0.2470457;54.99
22-10-2025 11:56:40;0.256020875;0.505341375;0.2470457;50.66
22-10-2025 12:56:40;0.251858475;0.505341375;0.2470457;49.84
22-10-2025 17:17:48;0.377450425;0.505341375;0.2470457;74.69
22-10-2025 18:17:49;0.505341375;0.505341375;0.2470457;100.0
22-10-2025 19:17:49;0.49318995;0.505341375;0.2470457;97.6
22-10-2025 20:17:50;0.363130075;0.505341375;0.2470457;71.86
22-10-2025 21:17:50;0.30223985;0.505341375;0.2470457;59.81
22-10-2025 22:17:51;0.2870604;0.505341375;0.2470457;56.81
22-10-2025 23:17:51;0.270837325;0.505341375;0.2470457;53.59
23-10-2025 00:17:52;0.264763125;0.303906625;0.229437175;87.12
23-10-2025 01:17:52;0.255821225;0.303906625;0.229437175;84.18
23-10-2025 02:17:53;0.25265405;0.303906625;0.229437175;83.14
23-10-2025 03:17:53;0.23686355;0.303906625;0.229437175;77.94
23-10-2025 04:17:53;0.235898575;0.303906625;0.229437175;77.62
23-10-2025 05:17:54;0.229697325;0.303906625;0.229437175;75.58
23-10-2025 06:17:54;0.2441659;0.303906625;0.229437175;80.34
23-10-2025 07:17:55;0.2595934;0.303906625;0.229437175;85.42
23-10-2025 08:17:55;0.2865643;0.303906625;0.229437175;94.29
23-10-2025 09:17:56;0.273789725;0.303906625;0.229437175;90.09
23-10-2025 10:17:56;0.253522225;0.303906625;0.229437175;83.42
23-10-2025 11:17:57;0.237931375;0.303906625;0.229437175;78.29
23-10-2025 12:17:57;0.230871025;0.303906625;0.229437175;75.97
23-10-2025 13:17:58;0.23431045;0.303906625;0.229437175;77.1
23-10-2025 14:17:58;0.23411685;0.303906625;0.229437175;77.04
23-10-2025 15:17:58;0.2586859;0.303906625;0.229437175;85.12
23-10-2025 16:17:59;0.2649658;0.303906625;0.229437175;87.19
23-10-2025 17:17:59;0.2908356;0.303906625;0.229437175;95.7
23-10-2025 18:18:00;0.29887605;0.303906625;0.229437175;98.34
23-10-2025 19:18:00;0.303906625;0.303906625;0.229437175;100.0
23-10-2025 20:18:01;0.2801634;0.303906625;0.229437175;92.19
23-10-2025 21:18:01;0.264061325;0.303906625;0.229437175;86.89
23-10-2025 22:18:02;0.2619045;0.303906625;0.229437175;86.18
23-10-2025 23:18:02;0.229437175;0.303906625;0.229437175;75.5
24-10-2025 00:18:03;0.17385885;0.265640375;0.15798365;65.45
24-10-2025 01:18:03;0.165095425;0.265640375;0.15798365;62.15
24-10-2025 02:18:04;0.16174675;0.265640375;0.15798365;60.89
24-10-2025 03:18:04;0.15798365;0.265640375;0.15798365;59.47
24-10-2025 04:18:05;0.159353975;0.265640375;0.15798365;59.99
24-10-2025 05:18:05;0.164962325;0.265640375;0.15798365;62.1
24-10-2025 06:18:06;0.184909175;0.265640375;0.15798365;69.61
24-10-2025 07:18:06;0.2359016;0.265640375;0.15798365;88.8
24-10-2025 08:18:06;0.26424585;0.265640375;0.15798365;99.48
24-10-2025 09:18:07;0.2534224;0.265640375;0.15798365;95.4
24-10-2025 10:18:07;0.229624725;0.265640375;0.15798365;86.44
24-10-2025 11:18:08;0.2033768;0.265640375;0.15798365;76.56
24-10-2025 12:18:08;0.17746465;0.265640375;0.15798365;66.81
24-10-2025 13:18:09;0.158083475;0.265640375;0.15798365;59.51
24-10-2025 14:18:09;0.158398075;0.265640375;0.15798365;59.63
24-10-2025 15:18:09;0.178453825;0.265640375;0.15798365;67.18
24-10-2025 16:18:10;0.205085925;0.265640375;0.15798365;77.2
24-10-2025 17:18:11;0.242474925;0.265640375;0.15798365;91.28
24-10-2025 18:18:11;0.265640375;0.265640375;0.15798365;100.0
24-10-2025 19:18:12;0.2594724;0.265640375;0.15798365;97.68
24-10-2025 20:18:12;0.2317634;0.265640375;0.15798365;87.25
24-10-2025 21:18:13;0.2111934;0.265640375;0.15798365;79.5
24-10-2025 22:18:13;0.1917366;0.265640375;0.15798365;72.18
24-10-2025 23:18:13;0.1688434;0.265640375;0.15798365;63.56
25-10-2025 00:18:14;0.160382475;0.2437424;0.1561263;65.8
25-10-2025 01:18:14;0.1567313;0.2437424;0.1561263;64.3
25-10-2025 02:18:15;0.156728275;0.2437424;0.1561263;64.3
25-10-2025 03:18:15;0.156498375;0.2437424;0.1561263;64.21
25-10-2025 04:18:16;0.1561263;0.2437424;0.1561263;64.05
25-10-2025 05:18:16;0.1561384;0.2437424;0.1561263;64.06
25-10-2025 06:18:17;0.1567313;0.2437424;0.1561263;64.3
25-10-2025 07:18:17;0.1584979;0.2437424;0.1561263;65.03
25-10-2025 08:18:18;0.162324525;0.2437424;0.1561263;66.6
25-10-2025 09:18:18;0.1675003;0.2437424;0.1561263;68.72
25-10-2025 10:18:19;0.166480875;0.2437424;0.1561263;68.3
25-10-2025 11:18:19;0.16426355;0.2437424;0.1561263;67.39
25-10-2025 12:18:20;0.164321025;0.2437424;0.1561263;67.42
25-10-2025 13:18:20;0.162663325;0.2437424;0.1561263;66.74
25-10-2025 14:18:20;0.1618375;0.2437424;0.1561263;66.4
25-10-2025 15:18:21;0.161898;0.2437424;0.1561263;66.42
25-10-2025 16:18:21;0.16411835;0.2437424;0.1561263;67.33
25-10-2025 17:18:22;0.202097225;0.2437424;0.1561263;82.91
25-10-2025 18:18:22;0.2329734;0.2437424;0.1561263;95.58
25-10-2025 19:18:23;0.2437424;0.2437424;0.1561263;100.0
25-10-2025 20:18:23;0.2229304;0.2437424;0.1561263;91.46
25-10-2025 21:18:24;0.2088944;0.2437424;0.1561263;85.7
25-10-2025 22:18:24;0.194093075;0.2437424;0.1561263;79.63
25-10-2025 23:18:25;0.1690733;0.2437424;0.1561263;69.37
26-10-2025 00:18:25;0.174890375;0.26515335;0.1567313;65.96
26-10-2025 01:18:26;0.1613535;0.26515335;0.1567313;60.85
26-10-2025 02:18:27;0.1606033;0.26515335;0.1567313;60.57
26-10-2025 03:18:27;0.157248575;0.26515335;0.1567313;59.3
26-10-2025 04:18:28;0.156885575;0.26515335;0.1567313;59.17
26-10-2025 05:18:28;0.15687045;0.26515335;0.1567313;59.16
26-10-2025 06:18:29;0.1569249;0.26515335;0.1567313;59.18
26-10-2025 07:18:29;0.159638325;0.26515335;0.1567313;60.21
26-10-2025 08:18:30;0.161985725;0.26515335;0.1567313;61.09
26-10-2025 09:18:30;0.161465425;0.26515335;0.1567313;60.9
26-10-2025 10:18:31;0.1587762;0.26515335;0.1567313;59.88
26-10-2025 11:18:31;0.1571427;0.26515335;0.1567313;59.26
26-10-2025 12:18:32;0.157157825;0.26515335;0.1567313;59.27
26-10-2025 13:18:32;0.1568281;0.26515335;0.1567313;59.15
26-10-2025 14:18:33;0.1567313;0.26515335;0.1567313;59.11
26-10-2025 15:18:33;0.1606759;0.26515335;0.1567313;60.6
26-10-2025 16:18:33;0.190584075;0.26515335;0.1567313;71.88
26-10-2025 17:18:34;0.2230635;0.26515335;0.1567313;84.13
26-10-2025 18:18:34;0.26515335;0.26515335;0.1567313;100.0
26-10-2025 19:18:35;0.247532725;0.26515335;0.1567313;93.35
26-10-2025 20:18:35;0.213870525;0.26515335;0.1567313;80.66
26-10-2025 21:18:36;0.2050224;0.26515335;0.1567313;77.32
26-10-2025 22:18:36;0.1808224;0.26515335;0.1567313;68.2
26-10-2025 23:18:37;0.16452975;0.26515335;0.1567313;62.05
27-10-2025 00:18:37;0.157914075;0.31070985;0.155754225;50.82
27-10-2025 01:18:37;0.1578445;0.31070985;0.155754225;50.8
27-10-2025 02:18:38;0.1567313;0.31070985;0.155754225;50.44
27-10-2025 03:18:38;0.15622915;0.31070985;0.155754225;50.28
27-10-2025 04:18:39;0.155754225;0.31070985;0.155754225;50.13
27-10-2025 05:18:39;0.1649835;0.31070985;0.155754225;53.1
27-10-2025 06:18:40;0.2158398;0.31070985;0.155754225;69.47
27-10-2025 07:18:40;0.254705;0.31070985;0.155754225;81.98
27-10-2025 08:18:40;0.27063465;0.31070985;0.155754225;87.1
27-10-2025 09:18:41;0.2715482;0.31070985;0.155754225;87.4
27-10-2025 10:18:41;0.26395545;0.31070985;0.155754225;84.95
27-10-2025 11:18:42;0.2582019;0.31070985;0.155754225;83.1
27-10-2025 12:18:42;0.24543035;0.31070985;0.155754225;78.99
27-10-2025 13:18:43;0.2414434;0.31070985;0.155754225;77.71
27-10-2025 14:18:43;0.2432584;0.31070985;0.155754225;78.29
27-10-2025 15:18:44;0.25048815;0.31070985;0.155754225;80.62
27-10-2025 16:18:44;0.277964225;0.31070985;0.155754225;89.46
27-10-2025 17:18:45;0.2896256;0.31070985;0.155754225;93.21
27-10-2025 18:18:45;0.31070985;0.31070985;0.155754225;100.0
27-10-2025 19:18:46;0.3015683;0.31070985;0.155754225;97.06
27-10-2025 20:18:46;0.273003225;0.31070985;0.155754225;87.86
27-10-2025 21:18:47;0.265646425;0.31070985;0.155754225;85.5
27-10-2025 22:18:47;0.264932525;0.31070985;0.155754225;85.27
27-10-2025 23:18:47;0.252372725;0.31070985;0.155754225;81.22
28-10-2025 00:18:48;0.2252657;0.3039762;0.168707275;74.11
28-10-2025 01:18:48;0.1922932;0.3039762;0.168707275;63.26
28-10-2025 02:18:49;0.18010245;0.3039762;0.168707275;59.25
28-10-2025 03:18:49;0.168707275;0.3039762;0.168707275;55.5
28-10-2025 04:18:50;0.16903095;0.3039762;0.168707275;55.61
28-10-2025 05:18:50;0.191679125;0.3039762;0.168707275;63.06
28-10-2025 06:18:51;0.225922125;0.3039762;0.168707275;74.32
28-10-2025 07:18:51;0.24800765;0.3039762;0.168707275;81.59
28-10-2025 08:18:51;0.261417475;0.3039762;0.168707275;86.0
28-10-2025 09:18:52;0.259850525;0.3039762;0.168707275;85.48
28-10-2025 10:18:53;0.248924225;0.3039762;0.168707275;81.89
28-10-2025 11:18:53;0.240696225;0.3039762;0.168707275;79.18
28-10-2025 12:18:54;0.2313641;0.3039762;0.168707275;76.11
28-10-2025 13:18:54;0.223508175;0.3039762;0.168707275;73.53
28-10-2025 14:18:54;0.227253125;0.3039762;0.168707275;74.76
28-10-2025 15:18:55;0.241295175;0.3039762;0.168707275;79.38
28-10-2025 16:18:55;0.2609728;0.3039762;0.168707275;85.85
28-10-2025 17:18:56;0.2813008;0.3039762;0.168707275;92.54
28-10-2025 18:18:56;0.3039762;0.3039762;0.168707275;100.0
28-10-2025 19:18:57;0.2957724;0.3039762;0.168707275;97.3
28-10-2025 20:18:57;0.267921225;0.3039762;0.168707275;88.14
28-10-2025 21:18:58;0.2571129;0.3039762;0.168707275;84.58
28-10-2025 22:18:58;0.25841365;0.3039762;0.168707275;85.01
28-10-2025 23:18:59;0.245536225;0.3039762;0.168707275;80.77
29-10-2025 00:18:59;0.2307349;0.313108675;0.22038335;73.69
29-10-2025 01:19:00;0.2253504;0.313108675;0.22038335;71.97
29-10-2025 02:19:00;0.224736325;0.313108675;0.22038335;71.78
29-10-2025 03:19:01;0.224270475;0.313108675;0.22038335;71.63
29-10-2025 04:19:01;0.22038335;0.313108675;0.22038335;70.39
29-10-2025 05:19:02;0.233466475;0.313108675;0.22038335;74.56
29-10-2025 06:19:02;0.269506325;0.313108675;0.22038335;86.07
29-10-2025 07:19:02;0.28620735;0.313108675;0.22038335;91.41
29-10-2025 08:19:03;0.277903725;0.313108675;0.22038335;88.76
29-10-2025 09:19:03;0.2664783;0.313108675;0.22038335;85.11
29-10-2025 10:19:04;0.259424;0.313108675;0.22038335;82.85
29-10-2025 11:19:04;0.2583955;0.313108675;0.22038335;82.53
29-10-2025 12:19:05;0.265464925;0.313108675;0.22038335;84.78
29-10-2025 13:19:05;0.253546425;0.313108675;0.22038335;80.98
29-10-2025 14:19:06;0.2638284;0.313108675;0.22038335;84.26
29-10-2025 15:19:06;0.295109925;0.313108675;0.22038335;94.25
29-10-2025 16:19:06;0.3038794;0.313108675;0.22038335;97.05
29-10-2025 17:19:07;0.309490775;0.313108675;0.22038335;98.84
29-10-2025 18:19:08;0.313108675;0.313108675;0.22038335;100.0
29-10-2025 19:19:08;0.295321675;0.313108675;0.22038335;94.32
29-10-2025 20:19:08;0.28104065;0.313108675;0.22038335;89.76
29-10-2025 21:19:09;0.27188095;0.313108675;0.22038335;86.83
29-10-2025 22:19:09;0.26888015;0.313108675;0.22038335;85.87
29-10-2025 23:19:10;0.26027705;0.313108675;0.22038335;83.13
30-10-2025 00:19:10;0.240448175;0.299387275;0.210458325;80.31
30-10-2025 01:19:10;0.234997125;0.299387275;0.210458325;78.49
30-10-2025 02:19:11;0.229812275;0.299387275;0.210458325;76.76
30-10-2025 04:20:28;0.22146025;0.299387275;0.210458325;73.97
30-10-2025 05:20:28;0.228106175;0.299387275;0.210458325;76.19
30-10-2025 06:20:29;0.239474125;0.299387275;0.210458325;79.99
30-10-2025 07:20:29;0.256988875;0.299387275;0.210458325;85.84
30-10-2025 08:20:29;0.2725162;0.299387275;0.210458325;91.02
30-10-2025 09:20:36;0.2447104;0.299387275;0.210458325;81.74
30-10-2025 10:20:37;0.228402625;0.299387275;0.210458325;76.29
30-10-2025 11:20:37;0.218813375;0.299387275;0.210458325;73.09
30-10-2025 13:21:29;0.219152175;0.299387275;0.210458325;73.2
30-10-2025 14:21:29;0.2535434;0.299387275;0.210458325;84.69
30-10-2025 15:21:30;0.274963425;0.299387275;0.210458325;91.84
30-10-2025 16:21:30;0.29337055;0.299387275;0.210458325;97.99
30-10-2025 17:21:31;0.297886875;0.299387275;0.210458325;99.5
30-10-2025 18:21:31;0.299387275;0.299387275;0.210458325;100.0
30-10-2025 19:21:32;0.2946713;0.299387275;0.210458325;98.42
30-10-2025 20:21:32;0.27955235;0.299387275;0.210458325;93.37
30-10-2025 21:21:32;0.26630285;0.299387275;0.210458325;88.95
30-10-2025 22:21:33;0.2661153;0.299387275;0.210458325;88.89
30-10-2025 23:21:33;0.248706425;0.299387275;0.210458325;83.07
31-10-2025 00:21:34;0.250037425;0.29746035;0.227531425;84.06
31-10-2025 01:21:34;0.2399188;0.29746035;0.227531425;80.66
31-10-2025 02:21:34;0.236878675;0.29746035;0.227531425;79.63
31-10-2025 03:21:35;0.2370269;0.29746035;0.227531425;79.68
31-10-2025 04:21:35;0.240962425;0.29746035;0.227531425;81.01
31-10-2025 05:21:36;0.253540375;0.29746035;0.227531425;85.24
31-10-2025 06:21:36;0.285659825;0.29746035;0.227531425;96.03
31-10-2025 07:21:36;0.285968375;0.29746035;0.227531425;96.14
31-10-2025 08:21:37;0.27489385;0.29746035;0.227531425;92.41
31-10-2025 10:22:56;0.249753075;0.29746035;0.227531425;83.96
31-10-2025 11:22:57;0.242837925;0.29746035;0.227531425;81.64
31-10-2025 12:22:57;0.244556125;0.29746035;0.227531425;82.21
31-10-2025 13:22:58;0.2469005;0.29746035;0.227531425;83.0
31-10-2025 14:22:58;0.268623025;0.29746035;0.227531425;90.31
31-10-2025 15:22:58;0.293161825;0.29746035;0.227531425;98.55
31-10-2025 16:22:59;0.29746035;0.29746035;0.227531425;100.0
31-10-2025 17:22:59;0.2902669;0.29746035;0.227531425;97.58
31-10-2025 18:23:01;0.276306525;0.29746035;0.227531425;92.89
31-10-2025 19:23:01;0.257194575;0.29746035;0.227531425;86.46
31-10-2025 20:23:01;0.2495625;0.29746035;0.227531425;83.9
31-10-2025 21:23:02;0.24944755;0.29746035;0.227531425;83.86
31-10-2025 22:23:02;0.245106675;0.29746035;0.227531425;82.4
31-10-2025 23:23:03;0.227531425;0.29746035;0.227531425;76.49
01-11-2025 00:23:03;0.217597325;0.26338675;0.165537075;82.62
01-11-2025 01:23:04;0.19617125;0.26338675;0.165537075;74.48
01-11-2025 02:23:04;0.183305925;0.26338675;0.165537075;69.6
01-11-2025 03:23:04;0.178871275;0.26338675;0.165537075;67.91
01-11-2025 04:23:05;0.1746272;0.26338675;0.165537075;66.3
01-11-2025 05:23:05;0.165537075;0.26338675;0.165537075;62.85
01-11-2025 07:24:21;0.1738649;0.26338675;0.165537075;66.01
01-11-2025 08:24:21;0.190039575;0.26338675;0.165537075;72.15
01-11-2025 09:24:22;0.1884454;0.26338675;0.165537075;71.55
01-11-2025 10:24:22;0.1788864;0.26338675;0.165537075;67.92
01-11-2025 11:24:22;0.175809975;0.26338675;0.165537075;66.75
01-11-2025 12:24:23;0.18217155;0.26338675;0.165537075;69.17
01-11-2025 13:24:23;0.194413725;0.26338675;0.165537075;73.81
01-11-2025 14:24:24;0.215316475;0.26338675;0.165537075;81.75
01-11-2025 15:24:24;0.22351725;0.26338675;0.165537075;84.86
01-11-2025 16:24:25;0.243231175;0.26338675;0.165537075;92.35
01-11-2025 17:24:25;0.258223075;0.26338675;0.165537075;98.04
01-11-2025 18:24:26;0.26338675;0.26338675;0.165537075;100.0
01-11-2025 19:24:26;0.259182;0.26338675;0.165537075;98.4
01-11-2025 20:24:26;0.2525996;0.26338675;0.165537075;95.9
01-11-2025 21:24:27;0.247593225;0.26338675;0.165537075;94.0
01-11-2025 22:24:27;0.2502764;0.26338675;0.165537075;95.02
01-11-2025 23:24:28;0.244858625;0.26338675;0.165537075;92.97
02-11-2025 00:24:28;0.225038825;0.30465985;0.221554025;73.87
02-11-2025 01:24:29;0.221868625;0.30465985;0.221554025;72.83
02-11-2025 02:24:29;0.221554025;0.30465985;0.221554025;72.72
02-11-2025 03:24:30;0.223054425;0.30465985;0.221554025;73.21
02-11-2025 04:24:30;0.226853825;0.30465985;0.221554025;74.46
02-11-2025 05:24:42;0.229158875;0.30465985;0.221554025;75.22
02-11-2025 06:24:43;0.231766425;0.30465985;0.221554025;76.07
02-11-2025 08:26:21;0.2389266;0.30465985;0.221554025;78.42
02-11-2025 09:26:22;0.238294375;0.30465985;0.221554025;78.22
02-11-2025 09:51:45;0.238294375;0.30465985;0.221554025;78.22
02-11-2025 10:51:45;0.236116375;0.30465985;0.221554025;77.5
02-11-2025 11:51:46;0.234888225;0.30465985;0.221554025;77.1
02-11-2025 12:51:46;0.236207125;0.30465985;0.221554025;77.53
02-11-2025 13:51:46;0.240109375;0.30465985;0.221554025;78.81
02-11-2025 14:51:55;0.248524925;0.30465985;0.221554025;81.57
02-11-2025 15:51:56;0.267219425;0.30465985;0.221554025;87.71
02-11-2025 16:51:56;0.27589815;0.30465985;0.221554025;90.56
02-11-2025 17:51:57;0.298951675;0.30465985;0.221554025;98.13
02-11-2025 18:51:57;0.30465985;0.30465985;0.221554025;100.0
02-11-2025 19:51:58;0.28452545;0.30465985;0.221554025;93.39
02-11-2025 20:51:58;0.265958;0.30465985;0.221554025;87.3
02-11-2025 21:51:58;0.2595934;0.30465985;0.221554025;85.21
02-11-2025 22:51:59;0.25903075;0.30465985;0.221554025;85.02
02-11-2025 23:51:59;0.25138355;0.30465985;0.221554025;82.51
03-11-2025 00:52:00;0.251283725;0.290711575;0.192822575;86.44
03-11-2025 01:52:00;0.2459446;0.290711575;0.192822575;84.6
03-11-2025 02:52:00;0.241222575;0.290711575;0.192822575;82.98
03-11-2025 03:52:01;0.237078325;0.290711575;0.192822575;81.55
03-11-2025 04:52:01;0.238518225;0.290711575;0.192822575;82.05
03-11-2025 05:52:02;0.2403665;0.290711575;0.192822575;82.68
03-11-2025 06:52:02;0.263571275;0.290711575;0.192822575;90.66
03-11-2025 07:52:02;0.290711575;0.290711575;0.192822575;100.0
03-11-2025 08:52:03;0.283512075;0.290711575;0.192822575;97.52
03-11-2025 09:52:03;0.258828075;0.290711575;0.192822575;89.03
03-11-2025 10:52:04;0.246008125;0.290711575;0.192822575;84.62
03-11-2025 11:52:04;0.238893325;0.290711575;0.192822575;82.18
03-11-2025 12:52:05;0.232571075;0.290711575;0.192822575;80.0
03-11-2025 13:52:05;0.237096475;0.290711575;0.192822575;81.56
03-11-2025 14:52:06;0.240768825;0.290711575;0.192822575;82.82
03-11-2025 15:52:06;0.250291525;0.290711575;0.192822575;86.1
03-11-2025 16:52:07;0.2656434;0.290711575;0.192822575;91.38
03-11-2025 17:52:07;0.269276425;0.290711575;0.192822575;92.63
03-11-2025 18:52:07;0.268260025;0.290711575;0.192822575;92.28
03-11-2025 19:52:08;0.257817725;0.290711575;0.192822575;88.69
03-11-2025 20:52:08;0.245663275;0.290711575;0.192822575;84.5
03-11-2025 21:52:09;0.230235775;0.290711575;0.192822575;79.2
03-11-2025 22:52:09;0.220652575;0.290711575;0.192822575;75.9
03-11-2025 23:52:10;0.192822575;0.290711575;0.192822575;66.33
04-11-2025 00:52:10;0.175483275;0.288787675;0.1638219;60.77
04-11-2025 01:52:10;0.166686575;0.288787675;0.1638219;57.72
04-11-2025 02:52:11;0.16446925;0.288787675;0.1638219;56.95
04-11-2025 03:52:11;0.1638219;0.288787675;0.1638219;56.73
04-11-2025 04:52:12;0.17345955;0.288787675;0.1638219;60.06
04-11-2025 05:52:12;0.20808975;0.288787675;0.1638219;72.06
04-11-2025 06:52:12;0.242819775;0.288787675;0.1638219;84.08
04-11-2025 07:52:13;0.285798975;0.288787675;0.1638219;98.97
04-11-2025 08:52:13;0.283294275;0.288787675;0.1638219;98.1
04-11-2025 09:52:14;0.25838945;0.288787675;0.1638219;89.47
04-11-2025 10:52:14;0.2706649;0.288787675;0.1638219;93.72
04-11-2025 11:52:14;0.2510266;0.288787675;0.1638219;86.92
04-11-2025 12:52:15;0.24163095;0.288787675;0.1638219;83.67
04-11-2025 13:52:15;0.2470941;0.288787675;0.1638219;85.56
04-11-2025 14:52:16;0.2495625;0.288787675;0.1638219;86.42
04-11-2025 15:52:16;0.2725283;0.288787675;0.1638219;94.37
04-11-2025 16:52:17;0.288787675;0.288787675;0.1638219;100.0
04-11-2025 17:52:17;0.287946725;0.288787675;0.1638219;99.71
04-11-2025 18:52:17;0.2875081;0.288787675;0.1638219;99.56
04-11-2025 19:52:18;0.2724436;0.288787675;0.1638219;94.34
04-11-2025 20:52:18;0.2615294;0.288787675;0.1638219;90.56
04-11-2025 21:52:19;0.2533014;0.288787675;0.1638219;87.71
04-11-2025 22:52:19;0.25097215;0.288787675;0.1638219;86.91
04-11-2025 23:52:20;0.240139625;0.288787675;0.1638219;83.15
05-11-2025 00:52:20;0.240042825;0.30911265;0.2299605;77.66
05-11-2025 01:52:20;0.237731725;0.30911265;0.2299605;76.91
05-11-2025 02:52:21;0.2365913;0.30911265;0.2299605;76.54
05-11-2025 03:52:21;0.236672975;0.30911265;0.2299605;76.57
05-11-2025 04:52:22;0.235517425;0.30911265;0.2299605;76.19
05-11-2025 05:52:22;0.24545455;0.30911265;0.2299605;79.41
05-11-2025 06:52:23;0.250739225;0.30911265;0.2299605;81.12
05-11-2025 07:52:23;0.280481025;0.30911265;0.2299605;90.74
05-11-2025 08:52:23;0.277643575;0.30911265;0.2299605;89.82
05-11-2025 09:52:24;0.2785904;0.30911265;0.2299605;90.13
05-11-2025 10:52:24;0.2473724;0.30911265;0.2299605;80.03
05-11-2025 11:52:25;0.233902075;0.30911265;0.2299605;75.67
05-11-2025 12:52:25;0.2299605;0.30911265;0.2299605;74.39
05-11-2025 13:52:26;0.239643525;0.30911265;0.2299605;77.53
05-11-2025 14:52:26;0.2586375;0.30911265;0.2299605;83.67
05-11-2025 15:52:27;0.278309075;0.30911265;0.2299605;90.03
05-11-2025 16:52:27;0.30047325;0.30911265;0.2299605;97.21
05-11-2025 17:52:27;0.30911265;0.30911265;0.2299605;100.0
05-11-2025 18:52:28;0.2911018;0.30911265;0.2299605;94.17
05-11-2025 19:52:28;0.2800908;0.30911265;0.2299605;90.61
05-11-2025 20:52:29;0.2684143;0.30911265;0.2299605;86.83
05-11-2025 21:52:29;0.258961175;0.30911265;0.2299605;83.78
05-11-2025 22:52:30;0.2521882;0.30911265;0.2299605;81.58
05-11-2025 23:52:30;0.2511718;0.30911265;0.2299605;81.26
06-11-2025 00:52:31;0.255452175;0.350273825;0.249619975;72.93
06-11-2025 01:52:31;0.251767725;0.350273825;0.249619975;71.88
06-11-2025 02:52:31;0.252142825;0.350273825;0.249619975;71.98
06-11-2025 03:52:32;0.249619975;0.350273825;0.249619975;71.26
06-11-2025 04:52:32;0.25059705;0.350273825;0.249619975;71.54
06-11-2025 05:52:33;0.2523697;0.350273825;0.249619975;72.05
06-11-2025 06:52:33;0.2841201;0.350273825;0.249619975;81.11
06-11-2025 07:52:34;0.298316425;0.350273825;0.249619975;85.17
06-11-2025 08:52:34;0.2907751;0.350273825;0.249619975;83.01
06-11-2025 09:52:34;0.269530525;0.350273825;0.249619975;76.95
06-11-2025 10:52:35;0.259783975;0.350273825;0.249619975;74.17
06-11-2025 11:52:35;0.2580204;0.350273825;0.249619975;73.66
06-11-2025 12:52:36;0.25715525;0.350273825;0.249619975;73.42
06-11-2025 14:52:37;0.270919;0.350273825;0.249619975;77.34
06-11-2025 15:52:37;0.30243345;0.350273825;0.249619975;86.34
06-11-2025 16:52:37;0.340841875;0.350273825;0.249619975;97.31
06-11-2025 17:52:38;0.350273825;0.350273825;0.249619975;100.0
06-11-2025 18:52:38;0.325015075;0.350273825;0.249619975;92.79
06-11-2025 19:52:39;0.30975395;0.350273825;0.249619975;88.43
06-11-2025 20:52:39;0.29499195;0.350273825;0.249619975;84.22
06-11-2025 21:52:40;0.2775377;0.350273825;0.249619975;79.23
06-11-2025 22:52:40;0.272948775;0.350273825;0.249619975;77.92
06-11-2025 23:52:40;0.26419745;0.350273825;0.249619975;75.43
07-11-2025 00:52:41;0.259632725;0.3564418;0.2543057;72.84
07-11-2025 01:52:41;0.256625875;0.3564418;0.2543057;72.0
07-11-2025 02:52:42;0.25698585;0.3564418;0.2543057;72.1
07-11-2025 03:52:42;0.2543057;0.3564418;0.2543057;71.35
07-11-2025 04:52:43;0.25449325;0.3564418;0.2543057;71.4
07-11-2025 05:52:43;0.2608034;0.3564418;0.2543057;73.17
07-11-2025 06:52:43;0.2843016;0.3564418;0.2543057;79.76
07-11-2025 07:52:44;0.30582145;0.3564418;0.2543057;85.8
07-11-2025 08:52:44;0.3029477;0.3564418;0.2543057;84.99
07-11-2025 09:52:45;0.280529425;0.3564418;0.2543057;78.7
07-11-2025 10:52:45;0.263202225;0.3564418;0.2543057;73.84
07-11-2025 11:52:45;0.258628425;0.3564418;0.2543057;72.56
07-11-2025 12:52:46;0.2573912;0.3564418;0.2543057;72.21
07-11-2025 13:52:46;0.25962365;0.3564418;0.2543057;72.84
07-11-2025 14:52:47;0.271635925;0.3564418;0.2543057;76.21
07-11-2025 15:52:47;0.297959475;0.3564418;0.2543057;83.59
07-11-2025 16:52:48;0.336697625;0.3564418;0.2543057;94.46
07-11-2025 17:52:48;0.3564418;0.3564418;0.2543057;100.0
07-11-2025 18:52:49;0.3255142;0.3564418;0.2543057;91.32
07-11-2025 19:52:49;0.311396525;0.3564418;0.2543057;87.36
07-11-2025 20:52:49;0.2948044;0.3564418;0.2543057;82.71
07-11-2025 21:52:50;0.28084705;0.3564418;0.2543057;78.79
07-11-2025 22:52:50;0.2731696;0.3564418;0.2543057;76.64
07-11-2025 23:52:51;0.26471775;0.3564418;0.2543057;74.27
08-11-2025 00:52:51;0.268054325;0.3153139;0.261417475;85.01
08-11-2025 01:52:52;0.26612135;0.3153139;0.261417475;84.4
08-11-2025 02:52:52;0.2628362;0.3153139;0.261417475;83.36
08-11-2025 03:52:52;0.261780475;0.3153139;0.261417475;83.02
08-11-2025 04:52:53;0.2615052;0.3153139;0.261417475;82.93
08-11-2025 05:52:53;0.261417475;0.3153139;0.261417475;82.91
08-11-2025 06:52:54;0.265138225;0.3153139;0.261417475;84.09
08-11-2025 07:52:54;0.274291875;0.3153139;0.261417475;86.99
08-11-2025 08:52:55;0.274370525;0.3153139;0.261417475;87.02
08-11-2025 09:52:55;0.273795775;0.3153139;0.261417475;86.83
08-11-2025 10:52:55;0.272101775;0.3153139;0.261417475;86.3
08-11-2025 11:52:56;0.26580675;0.3153139;0.261417475;84.3
08-11-2025 12:52:56;0.26434265;0.3153139;0.261417475;83.83
08-11-2025 13:52:57;0.263583375;0.3153139;0.261417475;83.59
08-11-2025 14:52:57;0.2687289;0.3153139;0.261417475;85.23
08-11-2025 15:52:58;0.28542085;0.3153139;0.261417475;90.52
08-11-2025 16:52:58;0.293494575;0.3153139;0.261417475;93.08
08-11-2025 17:52:58;0.308450175;0.3153139;0.261417475;97.82
08-11-2025 18:52:59;0.3153139;0.3153139;0.261417475;100.0
08-11-2025 19:52:59;0.310156275;0.3153139;0.261417475;98.36
08-11-2025 20:53:00;0.299223925;0.3153139;0.261417475;94.9
08-11-2025 21:53:00;0.287456675;0.3153139;0.261417475;91.17
08-11-2025 22:53:01;0.279567475;0.3153139;0.261417475;88.66
08-11-2025 23:53:01;0.26987235;0.3153139;0.261417475;85.59
09-11-2025 00:53:02;0.26808155;0.3044118;0.259666;88.07
09-11-2025 01:53:02;0.2650142;0.3044118;0.259666;87.06
09-11-2025 02:53:02;0.2620376;0.3044118;0.259666;86.08
09-11-2025 03:53:03;0.259666;0.3044118;0.259666;85.3
09-11-2025 04:53:03;0.2602347;0.3044118;0.259666;85.49
09-11-2025 05:53:04;0.260866925;0.3044118;0.259666;85.7
09-11-2025 06:53:04;0.260788275;0.3044118;0.259666;85.67
09-11-2025 07:53:05;0.261229925;0.3044118;0.259666;85.81
09-11-2025 08:53:05;0.269627325;0.3044118;0.259666;88.57
09-11-2025 09:53:05;0.266868525;0.3044118;0.259666;87.67
09-11-2025 10:53:06;0.26476615;0.3044118;0.259666;86.98
09-11-2025 11:53:06;0.26476615;0.3044118;0.259666;86.98
09-11-2025 12:53:07;0.2659096;0.3044118;0.259666;87.35
09-11-2025 13:53:07;0.26116035;0.3044118;0.259666;85.79
09-11-2025 14:53:08;0.260334525;0.3044118;0.259666;85.52
09-11-2025 15:53:08;0.265676675;0.3044118;0.259666;87.28
09-11-2025 16:53:08;0.281194925;0.3044118;0.259666;92.37
09-11-2025 17:53:09;0.301656025;0.3044118;0.259666;99.09
09-11-2025 18:53:09;0.3044118;0.3044118;0.259666;100.0
09-11-2025 19:53:10;0.2974543;0.3044118;0.259666;97.71
09-11-2025 20:53:10;0.28105275;0.3044118;0.259666;92.33
09-11-2025 21:53:11;0.266735425;0.3044118;0.259666;87.62
09-11-2025 22:53:11;0.2662726;0.3044118;0.259666;87.47
09-11-2025 23:53:11;0.261865175;0.3044118;0.259666;86.02
10-11-2025 00:53:12;0.255361425;0.318529475;0.250085825;80.17
10-11-2025 01:53:12;0.2517405;0.318529475;0.250085825;79.03
10-11-2025 02:53:13;0.25279925;0.318529475;0.250085825;79.36
10-11-2025 03:53:13;0.250085825;0.318529475;0.250085825;78.51
10-11-2025 04:53:14;0.250091875;0.318529475;0.250085825;78.51
10-11-2025 05:53:14;0.2559755;0.318529475;0.250085825;80.36
10-11-2025 06:53:14;0.27430095;0.318529475;0.250085825;86.11
10-11-2025 07:53:15;0.302751075;0.318529475;0.250085825;95.05
10-11-2025 08:53:15;0.318529475;0.318529475;0.250085825;100.0
10-11-2025 09:53:16;0.306635175;0.318529475;0.250085825;96.27
10-11-2025 10:53:16;0.272906425;0.318529475;0.250085825;85.68
10-11-2025 11:53:17;0.2644334;0.318529475;0.250085825;83.02
10-11-2025 12:53:17;0.267062125;0.318529475;0.250085825;83.84
10-11-2025 13:53:18;0.2670591;0.318529475;0.250085825;83.84
10-11-2025 14:53:18;0.279379925;0.318529475;0.250085825;87.71
10-11-2025 15:53:18;0.2981561;0.318529475;0.250085825;93.6
10-11-2025 16:53:19;0.308674025;0.318529475;0.250085825;96.91
10-11-2025 17:53:19;0.314040375;0.318529475;0.250085825;98.59
10-11-2025 18:53:20;0.2955304;0.318529475;0.250085825;92.78
10-11-2025 19:53:20;0.2778523;0.318529475;0.250085825;87.23
10-11-2025 20:53:21;0.263468425;0.318529475;0.250085825;82.71
10-11-2025 21:53:21;0.2596902;0.318529475;0.250085825;81.53
10-11-2025 22:53:21;0.25772395;0.318529475;0.250085825;80.91
10-11-2025 23:53:22;0.250926775;0.318529475;0.250085825;78.78
11-11-2025 00:53:22;0.24935075;0.3113451;0.236225275;80.09
11-11-2025 01:53:23;0.24486165;0.3113451;0.236225275;78.65
11-11-2025 02:53:23;0.2406569;0.3113451;0.236225275;77.3
11-11-2025 03:53:24;0.23849705;0.3113451;0.236225275;76.6
11-11-2025 04:53:24;0.2380796;0.3113451;0.236225275;76.47
11-11-2025 05:53:24;0.239086925;0.3113451;0.236225275;76.79
11-11-2025 06:53:25;0.248912125;0.3113451;0.236225275;79.95
11-11-2025 07:53:25;0.2675915;0.3113451;0.236225275;85.95
11-11-2025 08:53:26;0.2777434;0.3113451;0.236225275;89.21
11-11-2025 09:53:26;0.2729034;0.3113451;0.236225275;87.65
11-11-2025 10:53:27;0.263317175;0.3113451;0.236225275;84.57
11-11-2025 11:53:27;0.2566894;0.3113451;0.236225275;82.45
11-11-2025 12:53:28;0.248228475;0.3113451;0.236225275;79.73
11-11-2025 13:53:28;0.250684775;0.3113451;0.236225275;80.52
11-11-2025 14:53:29;0.260751975;0.3113451;0.236225275;83.75
11-11-2025 15:53:29;0.284395375;0.3113451;0.236225275;91.34
11-11-2025 16:53:29;0.3069528;0.3113451;0.236225275;98.59
11-11-2025 17:53:30;0.3113451;0.3113451;0.236225275;100.0
11-11-2025 18:53:30;0.28264995;0.3113451;0.236225275;90.78
11-11-2025 19:53:31;0.2668292;0.3113451;0.236225275;85.7
11-11-2025 20:53:31;0.260346625;0.3113451;0.236225275;83.62
11-11-2025 21:53:32;0.25754245;0.3113451;0.236225275;82.72
11-11-2025 22:53:32;0.253540375;0.3113451;0.236225275;81.43
11-11-2025 23:53:32;0.236225275;0.3113451;0.236225275;75.87
12-11-2025 00:53:33;0.238052375;0.286059125;0.213114275;83.22
12-11-2025 01:53:33;0.2275163;0.286059125;0.213114275;79.53
12-11-2025 02:53:34;0.223223825;0.286059125;0.213114275;78.03
12-11-2025 03:53:34;0.219857;0.286059125;0.213114275;76.86
12-11-2025 04:53:35;0.213114275;0.286059125;0.213114275;74.5
12-11-2025 05:53:35;0.2208855;0.286059125;0.213114275;77.22
12-11-2025 06:53:35;0.22933735;0.286059125;0.213114275;80.17
12-11-2025 07:53:36;0.279960725;0.286059125;0.213114275;97.87
12-11-2025 08:53:37;0.271883975;0.286059125;0.213114275;95.04
12-11-2025 09:53:37;0.25426335;0.286059125;0.213114275;88.88
12-11-2025 10:53:37;0.2401366;0.286059125;0.213114275;83.95
12-11-2025 11:52:40;0.220761475;0.286059125;0.213114275;77.17
12-11-2025 12:52:41;0.220386375;0.286059125;0.213114275;77.04
12-11-2025 13:52:41;0.235777575;0.286059125;0.213114275;82.42
12-11-2025 14:52:42;0.25405765;0.286059125;0.213114275;88.81
12-11-2025 15:52:42;0.277691975;0.286059125;0.213114275;97.08
12-11-2025 16:52:43;0.280989225;0.286059125;0.213114275;98.23
12-11-2025 17:52:44;0.286059125;0.286059125;0.213114275;100.0
12-11-2025 18:52:44;0.276572725;0.286059125;0.213114275;96.68
12-11-2025 19:52:44;0.2589279;0.286059125;0.213114275;90.52
12-11-2025 20:52:45;0.2525754;0.286059125;0.213114275;88.29
12-11-2025 21:52:45;0.23965865;0.286059125;0.213114275;83.78
12-11-2025 22:52:46;0.240726475;0.286059125;0.213114275;84.15
12-11-2025 23:52:46;0.2221197;0.286059125;0.213114275;77.65
13-11-2025 00:52:47;0.192919375;0.304318025;0.161780025;63.39
13-11-2025 01:52:47;0.17737995;0.304318025;0.161780025;58.29
13-11-2025 02:52:47;0.1671494;0.304318025;0.161780025;54.93
13-11-2025 03:52:48;0.16265425;0.304318025;0.161780025;53.45
13-11-2025 04:52:48;0.161780025;0.304318025;0.161780025;53.16
13-11-2025 05:52:49;0.184128725;0.304318025;0.161780025;60.51
13-11-2025 06:52:49;0.210670075;0.304318025;0.161780025;69.23
13-11-2025 07:52:50;0.244392775;0.304318025;0.161780025;80.31
13-11-2025 08:52:50;0.2617835;0.304318025;0.161780025;86.02
13-11-2025 09:52:51;0.2746579;0.304318025;0.161780025;90.25
13-11-2025 10:52:51;0.2608881;0.304318025;0.161780025;85.73
13-11-2025 11:52:51;0.2584681;0.304318025;0.161780025;84.93
13-11-2025 12:52:52;0.263171975;0.304318025;0.161780025;86.48
13-11-2025 13:52:52;0.2765334;0.304318025;0.161780025;90.87
13-11-2025 14:52:53;0.271696425;0.304318025;0.161780025;89.28
13-11-2025 15:52:53;0.27678145;0.304318025;0.161780025;90.95
13-11-2025 16:52:54;0.3017014;0.304318025;0.161780025;99.14
13-11-2025 17:52:54;0.300772725;0.304318025;0.161780025;98.84
13-11-2025 18:52:54;0.304318025;0.304318025;0.161780025;100.0
13-11-2025 19:52:55;0.3019434;0.304318025;0.161780025;99.22
13-11-2025 20:52:55;0.27997585;0.304318025;0.161780025;92.0
13-11-2025 21:52:56;0.28398095;0.304318025;0.161780025;93.32
13-11-2025 22:52:56;0.277032525;0.304318025;0.161780025;91.03
13-11-2025 23:52:57;0.268018025;0.304318025;0.161780025;88.07
14-11-2025 00:52:57;0.2628967;0.303882425;0.243176725;86.51
14-11-2025 01:52:58;0.259989675;0.303882425;0.243176725;85.56
14-11-2025 02:52:58;0.25736095;0.303882425;0.243176725;84.69
14-11-2025 03:52:58;0.25359785;0.303882425;0.243176725;83.45
14-11-2025 04:52:59;0.2531441;0.303882425;0.243176725;83.3
14-11-2025 05:52:59;0.25264195;0.303882425;0.243176725;83.14
14-11-2025 06:53:00;0.2740408;0.303882425;0.243176725;90.18
14-11-2025 07:53:00;0.302121875;0.303882425;0.243176725;99.42
14-11-2025 08:53:01;0.303882425;0.303882425;0.243176725;100.0
14-11-2025 09:53:01;0.286694375;0.303882425;0.243176725;94.34
14-11-2025 10:53:01;0.276191575;0.303882425;0.243176725;90.89
14-11-2025 11:53:02;0.270444075;0.303882425;0.243176725;89.0
14-11-2025 12:53:02;0.26643595;0.303882425;0.243176725;87.68
14-11-2025 13:53:03;0.270268625;0.303882425;0.243176725;88.94
14-11-2025 14:53:03;0.27358705;0.303882425;0.243176725;90.03
14-11-2025 15:53:03;0.281884625;0.303882425;0.243176725;92.76
14-11-2025 16:53:04;0.283481825;0.303882425;0.243176725;93.29
14-11-2025 17:53:04;0.2956635;0.303882425;0.243176725;97.3
14-11-2025 18:53:05;0.2655224;0.303882425;0.243176725;87.38
14-11-2025 19:53:05;0.260860875;0.303882425;0.243176725;85.84
14-11-2025 20:53:06;0.2624732;0.303882425;0.243176725;86.37
14-11-2025 21:53:06;0.25427545;0.303882425;0.243176725;83.68
14-11-2025 22:53:07;0.261689725;0.303882425;0.243176725;86.12
14-11-2025 23:53:07;0.243176725;0.303882425;0.243176725;80.02
15-11-2025 00:53:08;0.2396284;0.293179975;0.22763125;81.73
15-11-2025 01:53:08;0.239800825;0.293179975;0.22763125;81.79
15-11-2025 02:53:09;0.2330339;0.293179975;0.22763125;79.48
15-11-2025 03:53:09;0.233762925;0.293179975;0.22763125;79.73
15-11-2025 04:53:09;0.2296096;0.293179975;0.22763125;78.32
15-11-2025 05:53:10;0.23141855;0.293179975;0.22763125;78.93
15-11-2025 06:53:10;0.22763125;0.293179975;0.22763125;77.64
15-11-2025 07:53:11;0.23994905;0.293179975;0.22763125;81.84
15-11-2025 08:53:11;0.253975975;0.293179975;0.22763125;86.63
15-11-2025 09:53:11;0.257987125;0.293179975;0.22763125;88.0
15-11-2025 10:53:12;0.261895425;0.293179975;0.22763125;89.33
15-11-2025 11:53:12;0.26298745;0.293179975;0.22763125;89.7
15-11-2025 12:53:13;0.26071265;0.293179975;0.22763125;88.93
15-11-2025 13:53:13;0.2614447;0.293179975;0.22763125;89.18
15-11-2025 14:53:14;0.263619675;0.293179975;0.22763125;89.92
15-11-2025 15:53:14;0.268169275;0.293179975;0.22763125;91.47
15-11-2025 16:53:14;0.2715724;0.293179975;0.22763125;92.63
15-11-2025 17:53:15;0.2846162;0.293179975;0.22763125;97.08
15-11-2025 18:53:15;0.293179975;0.293179975;0.22763125;100.0
15-11-2025 19:53:16;0.2839386;0.293179975;0.22763125;96.85
15-11-2025 20:53:16;0.271018825;0.293179975;0.22763125;92.44
15-11-2025 21:53:17;0.26972715;0.293179975;0.22763125;92.0
15-11-2025 22:53:17;0.2680271;0.293179975;0.22763125;91.42
15-11-2025 23:53:18;0.264430375;0.293179975;0.22763125;90.19
16-11-2025 00:53:18;0.262137425;0.299671625;0.248688275;87.47
16-11-2025 01:53:18;0.259239475;0.299671625;0.248688275;86.51
16-11-2025 02:53:19;0.257103825;0.299671625;0.248688275;85.8
16-11-2025 03:53:19;0.260570475;0.299671625;0.248688275;86.95
16-11-2025 04:53:20;0.25102055;0.299671625;0.248688275;83.77
16-11-2025 05:53:20;0.254084875;0.299671625;0.248688275;84.79
16-11-2025 06:53:21;0.248688275;0.299671625;0.248688275;82.99
16-11-2025 07:53:21;0.25668335;0.299671625;0.248688275;85.65
16-11-2025 08:53:21;0.261435625;0.299671625;0.248688275;87.24
16-11-2025 09:53:22;0.263541025;0.299671625;0.248688275;87.94
16-11-2025 10:53:22;0.261562675;0.299671625;0.248688275;87.28
16-11-2025 11:53:23;0.265640375;0.299671625;0.248688275;88.64
16-11-2025 12:53:23;0.27173575;0.299671625;0.248688275;90.68
16-11-2025 13:53:24;0.268641175;0.299671625;0.248688275;89.65
16-11-2025 14:53:24;0.272380075;0.299671625;0.248688275;90.89
16-11-2025 15:53:24;0.277123275;0.299671625;0.248688275;92.48
16-11-2025 16:53:25;0.288019325;0.299671625;0.248688275;96.11
16-11-2025 17:53:25;0.299671625;0.299671625;0.248688275;100.0
16-11-2025 18:53:26;0.29880345;0.299671625;0.248688275;99.71
16-11-2025 19:53:26;0.289725425;0.299671625;0.248688275;96.68
16-11-2025 20:53:27;0.270401725;0.299671625;0.248688275;90.23
16-11-2025 21:53:27;0.259021675;0.299671625;0.248688275;86.44
16-11-2025 22:53:27;0.26508075;0.299671625;0.248688275;88.46
16-11-2025 23:53:28;0.256444375;0.299671625;0.248688275;85.58
17-11-2025 00:53:28;0.25642925;0.297076175;0.2272622;86.32
17-11-2025 01:53:29;0.249359825;0.297076175;0.2272622;83.94
17-11-2025 02:53:29;0.241385925;0.297076175;0.2272622;81.25
17-11-2025 03:53:30;0.228106175;0.297076175;0.2272622;76.78
17-11-2025 04:53:30;0.2272622;0.297076175;0.2272622;76.5
17-11-2025 05:53:30;0.23322145;0.297076175;0.2272622;78.51
17-11-2025 06:53:31;0.2458478;0.297076175;0.2272622;82.76
17-11-2025 07:53:31;0.269276425;0.297076175;0.2272622;90.64
17-11-2025 08:53:32;0.283796425;0.297076175;0.2272622;95.53
17-11-2025 09:53:32;0.274806125;0.297076175;0.2272622;92.5
17-11-2025 10:53:32;0.259469375;0.297076175;0.2272622;87.34
17-11-2025 11:53:33;0.243019425;0.297076175;0.2272622;81.8
17-11-2025 12:53:33;0.245124825;0.297076175;0.2272622;82.51
17-11-2025 13:53:34;0.24534565;0.297076175;0.2272622;82.59
17-11-2025 14:53:34;0.254254275;0.297076175;0.2272622;85.59
17-11-2025 15:53:35;0.260836675;0.297076175;0.2272622;87.8
17-11-2025 16:53:35;0.260721725;0.297076175;0.2272622;87.76
17-11-2025 17:53:36;0.293470375;0.297076175;0.2272622;98.79
17-11-2025 18:53:36;0.297076175;0.297076175;0.2272622;100.0
17-11-2025 19:53:37;0.290620825;0.297076175;0.2272622;97.83
17-11-2025 20:53:37;0.279373875;0.297076175;0.2272622;94.04
17-11-2025 21:53:38;0.2621465;0.297076175;0.2272622;88.24
17-11-2025 22:53:38;0.2595934;0.297076175;0.2272622;87.38
17-11-2025 23:53:38;0.25478365;0.297076175;0.2272622;85.76
18-11-2025 00:53:39;0.2590973;0.332075425;0.250781575;78.02
18-11-2025 01:53:39;0.256278;0.332075425;0.250781575;77.17
18-11-2025 02:53:40;0.251174825;0.332075425;0.250781575;75.64
18-11-2025 03:53:40;0.250781575;0.332075425;0.250781575;75.52
18-11-2025 04:53:41;0.252336425;0.332075425;0.250781575;75.99
18-11-2025 05:53:41;0.25519505;0.332075425;0.250781575;76.85
18-11-2025 06:53:42;0.26464515;0.332075425;0.250781575;79.69
18-11-2025 07:53:42;0.27709;0.332075425;0.250781575;83.44
18-11-2025 08:53:42;0.29649235;0.332075425;0.250781575;89.28
18-11-2025 09:53:43;0.284219925;0.332075425;0.250781575;85.59
18-11-2025 10:53:43;0.2663694;0.332075425;0.250781575;80.21
18-11-2025 11:53:44;0.259850525;0.332075425;0.250781575;78.25
18-11-2025 12:53:44;0.260516025;0.332075425;0.250781575;78.45
18-11-2025 13:53:45;0.261919625;0.332075425;0.250781575;78.87
18-11-2025 14:53:45;0.269705975;0.332075425;0.250781575;81.22
18-11-2025 15:53:45;0.2974906;0.332075425;0.250781575;89.59
18-11-2025 16:53:46;0.320368675;0.332075425;0.250781575;96.47
18-11-2025 17:53:46;0.332075425;0.332075425;0.250781575;100.0
18-11-2025 18:53:47;0.32859365;0.332075425;0.250781575;98.95
18-11-2025 19:53:47;0.315347175;0.332075425;0.250781575;94.96
18-11-2025 20:53:48;0.2848219;0.332075425;0.250781575;85.77
18-11-2025 21:53:48;0.270238375;0.332075425;0.250781575;81.38
18-11-2025 22:53:49;0.274570175;0.332075425;0.250781575;82.68
18-11-2025 23:53:49;0.265598025;0.332075425;0.250781575;79.98
19-11-2025 00:53:50;0.2613479;0.31894995;0.2532893;81.94
19-11-2025 01:53:50;0.2605977;0.31894995;0.2532893;81.7
19-11-2025 02:53:51;0.256589575;0.31894995;0.2532893;80.45
19-11-2025 03:53:51;0.2532893;0.31894995;0.2532893;79.41
19-11-2025 04:53:52;0.254847175;0.31894995;0.2532893;79.9
19-11-2025 05:53:52;0.259003525;0.31894995;0.2532893;81.21
19-11-2025 06:53:53;0.2712941;0.31894995;0.2532893;85.06
19-11-2025 07:53:53;0.3044481;0.31894995;0.2532893;95.45
19-11-2025 08:53:54;0.31894995;0.31894995;0.2532893;100.0
19-11-2025 09:53:54;0.29355205;0.31894995;0.2532893;92.04
19-11-2025 10:53:54;0.273741325;0.31894995;0.2532893;85.83
19-11-2025 11:53:55;0.264847825;0.31894995;0.2532893;83.04
19-11-2025 12:53:55;0.261907525;0.31894995;0.2532893;82.12
19-11-2025 13:53:56;0.26502025;0.31894995;0.2532893;83.09
19-11-2025 14:53:56;0.275768075;0.31894995;0.2532893;86.46
19-11-2025 15:53:57;0.289791975;0.31894995;0.2532893;90.86
19-11-2025 16:53:57;0.28820385;0.31894995;0.2532893;90.36
19-11-2025 17:53:57;0.301432175;0.31894995;0.2532893;94.51
19-11-2025 18:53:58;0.2996202;0.31894995;0.2532893;93.94
19-11-2025 19:53:58;0.2998138;0.31894995;0.2532893;94.0
19-11-2025 20:53:59;0.283312425;0.31894995;0.2532893;88.83
19-11-2025 21:53:59;0.27476075;0.31894995;0.2532893;86.15
19-11-2025 22:54:00;0.27534155;0.31894995;0.2532893;86.33
19-11-2025 23:54:00;0.26792425;0.31894995;0.2532893;84.0
20-11-2025 00:54:01;0.26516545;0.363692725;0.259354425;72.91
20-11-2025 01:54:01;0.2610938;0.363692725;0.259354425;71.79
20-11-2025 02:54:02;0.259868675;0.363692725;0.259354425;71.45
20-11-2025 03:54:02;0.259354425;0.363692725;0.259354425;71.31
20-11-2025 04:54:02;0.2598596;0.363692725;0.259354425;71.45
20-11-2025 05:54:03;0.264502975;0.363692725;0.259354425;72.73
20-11-2025 06:54:03;0.277861375;0.363692725;0.259354425;76.4
20-11-2025 07:54:04;0.324609725;0.363692725;0.259354425;89.25
20-11-2025 08:54:04;0.33857615;0.363692725;0.259354425;93.09
20-11-2025 09:54:05;0.3368519;0.363692725;0.259354425;92.62
20-11-2025 10:54:05;0.3215454;0.363692725;0.259354425;88.41
20-11-2025 11:54:06;0.30721295;0.363692725;0.259354425;84.47
20-11-2025 12:54:06;0.3035769;0.363692725;0.259354425;83.47
20-11-2025 13:54:06;0.303150375;0.363692725;0.259354425;83.35
20-11-2025 14:54:07;0.31339;0.363692725;0.259354425;86.17
20-11-2025 15:54:07;0.3298097;0.363692725;0.259354425;90.68
20-11-2025 16:54:08;0.357430975;0.363692725;0.259354425;98.28
20-11-2025 17:54:08;0.363692725;0.363692725;0.259354425;100.0
20-11-2025 18:54:08;0.3530417;0.363692725;0.259354425;97.07
20-11-2025 19:54:09;0.344744125;0.363692725;0.259354425;94.79
20-11-2025 20:54:09;0.32064395;0.363692725;0.259354425;88.16
20-11-2025 21:54:10;0.29983195;0.363692725;0.259354425;82.44
20-11-2025 22:54:10;0.286694375;0.363692725;0.259354425;78.83
20-11-2025 23:54:11;0.27004175;0.363692725;0.259354425;74.25
21-11-2025 00:54:11;0.276034275;0.44891;0.26428215;61.49
21-11-2025 01:54:12;0.2695638;0.44891;0.26428215;60.05
21-11-2025 02:54:12;0.265111;0.44891;0.26428215;59.06
21-11-2025 03:54:12;0.26428215;0.44891;0.26428215;58.87
21-11-2025 04:54:13;0.267195225;0.44891;0.26428215;59.52
21-11-2025 05:54:13;0.276294425;0.44891;0.26428215;61.55
21-11-2025 06:54:14;0.310247025;0.44891;0.26428215;69.11
21-11-2025 07:54:14;0.367667575;0.44891;0.26428215;81.9
21-11-2025 08:54:14;0.403519875;0.44891;0.26428215;89.89
21-11-2025 09:54:15;0.374939675;0.44891;0.26428215;83.52
21-11-2025 10:54:15;0.3317457;0.44891;0.26428215;73.9
21-11-2025 11:54:16;0.31556195;0.44891;0.26428215;70.3
21-11-2025 12:54:16;0.3051136;0.44891;0.26428215;67.97
21-11-2025 13:54:17;0.308238425;0.44891;0.26428215;68.66
21-11-2025 14:54:17;0.333194675;0.44891;0.26428215;74.22
21-11-2025 15:54:17;0.37839725;0.44891;0.26428215;84.29
21-11-2025 16:54:18;0.436776725;0.44891;0.26428215;97.3
21-11-2025 17:54:18;0.44891;0.44891;0.26428215;100.0
21-11-2025 18:54:19;0.40022565;0.44891;0.26428215;89.15
21-11-2025 19:54:19;0.362706575;0.44891;0.26428215;80.8
21-11-2025 20:54:20;0.32726265;0.44891;0.26428215;72.9
21-11-2025 21:54:20;0.296592175;0.44891;0.26428215;66.07
21-11-2025 22:54:20;0.280632275;0.44891;0.26428215;62.51
21-11-2025 23:54:21;0.269687825;0.44891;0.26428215;60.08
22-11-2025 00:54:21;0.278254625;0.2889964;0.248966575;96.28
22-11-2025 01:54:22;0.271000675;0.2889964;0.248966575;93.77
22-11-2025 02:54:22;0.2637558;0.2889964;0.248966575;91.27
22-11-2025 03:54:23;0.259929175;0.2889964;0.248966575;89.94
22-11-2025 04:54:23;0.2552616;0.2889964;0.248966575;88.33
22-11-2025 05:54:23;0.25157715;0.2889964;0.248966575;87.05
22-11-2025 06:54:24;0.25290815;0.2889964;0.248966575;87.51
22-11-2025 07:54:24;0.263178025;0.2889964;0.248966575;91.07
22-11-2025 08:54:25;0.2777434;0.2889964;0.248966575;96.11
22-11-2025 09:54:25;0.264944625;0.2889964;0.248966575;91.68
22-11-2025 10:54:26;0.256420175;0.2889964;0.248966575;88.73
22-11-2025 11:54:26;0.25217005;0.2889964;0.248966575;87.26
22-11-2025 12:54:26;0.24932655;0.2889964;0.248966575;86.27
22-11-2025 13:54:27;0.248966575;0.2889964;0.248966575;86.15
22-11-2025 14:54:27;0.25534025;0.2889964;0.248966575;88.35
22-11-2025 15:54:28;0.262966275;0.2889964;0.248966575;90.99
22-11-2025 16:54:28;0.27545045;0.2889964;0.248966575;95.31
22-11-2025 17:54:29;0.2889964;0.2889964;0.248966575;100.0
22-11-2025 18:54:29;0.282991775;0.2889964;0.248966575;97.92
22-11-2025 19:54:29;0.268308425;0.2889964;0.248966575;92.84
22-11-2025 20:54:30;0.2636953;0.2889964;0.248966575;91.25
22-11-2025 21:54:30;0.26011975;0.2889964;0.248966575;90.01
22-11-2025 22:54:31;0.265362075;0.2889964;0.248966575;91.82
22-11-2025 23:54:31;0.25214585;0.2889964;0.248966575;87.25
23-11-2025 00:54:32;0.255391675;0.2673374;0.2295612;95.53
23-11-2025 01:54:32;0.246709925;0.2673374;0.2295612;92.28
23-11-2025 02:54:32;0.2419758;0.2673374;0.2295612;90.51
23-11-2025 03:54:33;0.2332517;0.2673374;0.2295612;87.25
23-11-2025 04:54:33;0.23041425;0.2673374;0.2295612;86.19
23-11-2025 05:54:34;0.233871825;0.2673374;0.2295612;87.48
23-11-2025 06:54:34;0.2295612;0.2673374;0.2295612;85.87
23-11-2025 07:54:35;0.236316025;0.2673374;0.2295612;88.4
23-11-2025 08:54:35;0.2390476;0.2673374;0.2295612;89.42
23-11-2025 09:54:35;0.23727495;0.2673374;0.2295612;88.75
23-11-2025 10:54:36;0.237453425;0.2673374;0.2295612;88.82
23-11-2025 11:54:36;0.23826715;0.2673374;0.2295612;89.13
23-11-2025 12:54:37;0.23948925;0.2673374;0.2295612;89.58
23-11-2025 13:54:37;0.236479375;0.2673374;0.2295612;88.46
23-11-2025 14:54:38;0.24286515;0.2673374;0.2295612;90.85
23-11-2025 15:54:38;0.25335585;0.2673374;0.2295612;94.77
23-11-2025 16:54:38;0.2571734;0.2673374;0.2295612;96.2
23-11-2025 17:54:39;0.2673374;0.2673374;0.2295612;100.0
23-11-2025 18:54:39;0.265519375;0.2673374;0.2295612;99.32
23-11-2025 19:54:40;0.261423525;0.2673374;0.2295612;97.79
23-11-2025 20:54:40;0.255597375;0.2673374;0.2295612;95.61
23-11-2025 21:54:41;0.248506775;0.2673374;0.2295612;92.96
23-11-2025 22:54:41;0.2455816;0.2673374;0.2295612;91.86
23-11-2025 23:54:41;0.240611525;0.2673374;0.2295612;90.0
24-11-2025 00:54:42;0.243569975;0.4441184;0.24000955;54.84
24-11-2025 01:54:42;0.240272725;0.4441184;0.24000955;54.1
24-11-2025 02:54:43;0.2416854;0.4441184;0.24000955;54.42
24-11-2025 03:54:43;0.24105015;0.4441184;0.24000955;54.28
24-11-2025 04:54:44;0.24000955;0.4441184;0.24000955;54.04
24-11-2025 05:54:44;0.24920555;0.4441184;0.24000955;56.11
24-11-2025 06:54:45;0.264878075;0.4441184;0.24000955;59.64
24-11-2025 07:54:45;0.26449995;0.4441184;0.24000955;59.56
24-11-2025 08:54:45;0.271151925;0.4441184;0.24000955;61.05
24-11-2025 09:54:46;0.279125825;0.4441184;0.24000955;62.85
24-11-2025 10:54:46;0.2931588;0.4441184;0.24000955;66.01
24-11-2025 11:54:47;0.305767;0.4441184;0.24000955;68.85
24-11-2025 12:54:47;0.306544425;0.4441184;0.24000955;69.02
24-11-2025 13:54:48;0.3251391;0.4441184;0.24000955;73.21
24-11-2025 14:54:48;0.3326895;0.4441184;0.24000955;74.91
24-11-2025 15:54:48;0.368556925;0.4441184;0.24000955;82.99
24-11-2025 16:54:49;0.402098125;0.4441184;0.24000955;90.54
24-11-2025 17:54:49;0.4441184;0.4441184;0.24000955;100.0
24-11-2025 18:54:50;0.4108313;0.4441184;0.24000955;92.5
24-11-2025 19:54:50;0.36802755;0.4441184;0.24000955;82.87
24-11-2025 20:54:51;0.32853315;0.4441184;0.24000955;73.97
24-11-2025 21:54:51;0.31136325;0.4441184;0.24000955;70.11
24-11-2025 22:54:51;0.2977326;0.4441184;0.24000955;67.04
24-11-2025 23:54:52;0.2782274;0.4441184;0.24000955;62.65
25-11-2025 00:54:52;0.271309225;0.498516975;0.260909275;54.42
25-11-2025 01:54:53;0.2673374;0.498516975;0.260909275;53.63
25-11-2025 02:54:53;0.2642519;0.498516975;0.260909275;53.01
25-11-2025 03:55:04;0.260909275;0.498516975;0.260909275;52.34
25-11-2025 04:55:04;0.262687975;0.498516975;0.260909275;52.69
25-11-2025 05:55:04;0.26111195;0.498516975;0.260909275;52.38
25-11-2025 06:55:05;0.2657765;0.498516975;0.260909275;53.31
25-11-2025 07:55:05;0.392678275;0.498516975;0.260909275;78.77
25-11-2025 08:55:06;0.431603975;0.498516975;0.260909275;86.58
25-11-2025 09:55:06;0.4188899;0.498516975;0.260909275;84.03
25-11-2025 10:55:06;0.37742925;0.498516975;0.260909275;75.71
25-11-2025 11:55:07;0.289301925;0.498516975;0.260909275;58.03
25-11-2025 12:55:07;0.281291725;0.498516975;0.260909275;56.43
25-11-2025 13:55:08;0.28463435;0.498516975;0.260909275;57.1
25-11-2025 14:55:08;0.304257525;0.498516975;0.260909275;61.03
25-11-2025 15:55:09;0.3866434;0.498516975;0.260909275;77.56
25-11-2025 16:55:09;0.468369825;0.498516975;0.260909275;93.95
25-11-2025 17:55:09;0.498516975;0.498516975;0.260909275;100.0
25-11-2025 18:55:10;0.45620025;0.498516975;0.260909275;91.51
25-11-2025 19:55:10;0.400434375;0.498516975;0.260909275;80.33
25-11-2025 20:55:11;0.343485725;0.498516975;0.260909275;68.9
25-11-2025 21:55:11;0.307264375;0.498516975;0.260909275;61.64
25-11-2025 22:55:11;0.286549175;0.498516975;0.260909275;57.48
25-11-2025 23:55:12;0.26641175;0.498516975;0.260909275;53.44
26-11-2025 00:55:12;0.2604162;0.486864675;0.259481475;53.49
26-11-2025 01:55:13;0.262288675;0.486864675;0.259481475;53.87
26-11-2025 02:55:13;0.259481475;0.486864675;0.259481475;53.3
26-11-2025 03:55:14;0.260600725;0.486864675;0.259481475;53.53
26-11-2025 04:55:14;0.260933475;0.486864675;0.259481475;53.59
26-11-2025 05:55:14;0.269294575;0.486864675;0.259481475;55.31
26-11-2025 06:55:15;0.292611275;0.486864675;0.259481475;60.1
26-11-2025 07:55:15;0.372223225;0.486864675;0.259481475;76.45
26-11-2025 08:55:15;0.423137;0.486864675;0.259481475;86.91
26-11-2025 09:55:16;0.396997975;0.486864675;0.259481475;81.54
26-11-2025 10:55:16;0.377777125;0.486864675;0.259481475;77.59
26-11-2025 11:55:17;0.3505975;0.486864675;0.259481475;72.01
26-11-2025 12:55:17;0.3421275;0.486864675;0.259481475;70.27
26-11-2025 13:55:18;0.34413005;0.486864675;0.259481475;70.68
26-11-2025 14:55:18;0.363644325;0.486864675;0.259481475;74.69
26-11-2025 15:55:19;0.4051201;0.486864675;0.259481475;83.21
26-11-2025 16:55:19;0.4805152;0.486864675;0.259481475;98.7
26-11-2025 17:55:19;0.486864675;0.486864675;0.259481475;100.0
26-11-2025 18:55:20;0.42504275;0.486864675;0.259481475;87.3
26-11-2025 19:55:20;0.37612245;0.486864675;0.259481475;77.25
26-11-2025 20:55:21;0.3244736;0.486864675;0.259481475;66.65
26-11-2025 21:55:21;0.2930015;0.486864675;0.259481475;60.18
26-11-2025 22:55:22;0.27536575;0.486864675;0.259481475;56.56
26-11-2025 23:55:22;0.264206525;0.486864675;0.259481475;54.27
27-11-2025 00:55:22;0.265416525;0.2777192;0.2242856;95.57
27-11-2025 01:55:28;0.258331975;0.2777192;0.2242856;93.02
27-11-2025 02:55:28;0.2525512;0.2777192;0.2242856;90.94
27-11-2025 03:55:29;0.245899225;0.2777192;0.2242856;88.54
27-11-2025 04:55:29;0.235602125;0.2777192;0.2242856;84.83
27-11-2025 05:55:30;0.2454243;0.2777192;0.2242856;88.37
27-11-2025 06:55:30;0.24239325;0.2777192;0.2242856;87.28
27-11-2025 07:55:30;0.2662726;0.2777192;0.2242856;95.88
27-11-2025 08:55:31;0.2777192;0.2777192;0.2242856;100.0
27-11-2025 09:55:31;0.2716934;0.2777192;0.2242856;97.83
27-11-2025 10:55:32;0.26365295;0.2777192;0.2242856;94.94
27-11-2025 11:55:32;0.2601258;0.2777192;0.2242856;93.67
27-11-2025 12:55:33;0.26178955;0.2777192;0.2242856;94.26
27-11-2025 13:55:33;0.261496125;0.2777192;0.2242856;94.16
27-11-2025 14:55:33;0.266420825;0.2777192;0.2242856;95.93
27-11-2025 15:55:34;0.268036175;0.2777192;0.2242856;96.51
27-11-2025 16:55:34;0.26855345;0.2777192;0.2242856;96.7
27-11-2025 17:55:35;0.275326425;0.2777192;0.2242856;99.14
27-11-2025 18:55:35;0.2700115;0.2777192;0.2242856;97.22
27-11-2025 19:55:36;0.2620134;0.2777192;0.2242856;94.34
27-11-2025 20:55:36;0.253431475;0.2777192;0.2242856;91.25
27-11-2025 21:55:37;0.2520672;0.2777192;0.2242856;90.76
27-11-2025 22:55:37;0.2374504;0.2777192;0.2242856;85.5
27-11-2025 23:55:37;0.2242856;0.2777192;0.2242856;80.76
28-11-2025 00:55:38;0.22826045;0.282338375;0.212164425;80.85
28-11-2025 01:55:38;0.2230635;0.282338375;0.212164425;79.01
28-11-2025 02:55:39;0.21963315;0.282338375;0.212164425;77.79
28-11-2025 03:55:39;0.212164425;0.282338375;0.212164425;75.15
28-11-2025 04:55:39;0.2212122;0.282338375;0.212164425;78.35
28-11-2025 05:55:40;0.227053475;0.282338375;0.212164425;80.42
28-11-2025 06:55:40;0.251955275;0.282338375;0.212164425;89.24
28-11-2025 07:55:41;0.255500575;0.282338375;0.212164425;90.49
28-11-2025 08:55:41;0.274660925;0.282338375;0.212164425;97.28
28-11-2025 09:55:42;0.282338375;0.282338375;0.212164425;100.0
28-11-2025 10:55:42;0.2740045;0.282338375;0.212164425;97.05
28-11-2025 11:55:42;0.271387875;0.282338375;0.212164425;96.12
28-11-2025 12:55:43;0.273257325;0.282338375;0.212164425;96.78
28-11-2025 13:55:43;0.273269425;0.282338375;0.212164425;96.79
28-11-2025 14:55:44;0.2511234;0.282338375;0.212164425;88.94
28-11-2025 15:55:44;0.278278825;0.282338375;0.212164425;98.56
28-11-2025 16:55:44;0.270637675;0.282338375;0.212164425;95.86
28-11-2025 17:55:45;0.271575425;0.282338375;0.212164425;96.19
28-11-2025 18:55:45;0.2674947;0.282338375;0.212164425;94.74
28-11-2025 19:55:46;0.268018025;0.282338375;0.212164425;94.93
28-11-2025 20:55:46;0.2607671;0.282338375;0.212164425;92.36
28-11-2025 21:55:46;0.25757875;0.282338375;0.212164425;91.23
28-11-2025 22:55:47;0.2583592;0.282338375;0.212164425;91.51
28-11-2025 23:55:47;0.24953225;0.282338375;0.212164425;88.38
29-11-2025 00:55:48;0.25404555;0.281836225;0.2522608;90.14
29-11-2025 01:55:48;0.253377025;0.281836225;0.2522608;89.9
29-11-2025 02:55:49;0.25475945;0.281836225;0.2522608;90.39
29-11-2025 03:55:49;0.2554552;0.281836225;0.2522608;90.64
29-11-2025 04:55:49;0.257545475;0.281836225;0.2522608;91.38
29-11-2025 05:55:50;0.262161625;0.281836225;0.2522608;93.02
29-11-2025 06:56:04;0.26424585;0.281836225;0.2522608;93.76
29-11-2025 07:56:05;0.259892875;0.281836225;0.2522608;92.21
29-11-2025 08:56:05;0.264146025;0.281836225;0.2522608;93.72
29-11-2025 09:56:05;0.27548675;0.281836225;0.2522608;97.75
29-11-2025 10:56:06;0.2736415;0.281836225;0.2522608;97.09
29-11-2025 11:56:06;0.265531475;0.281836225;0.2522608;94.21
29-11-2025 12:56:07;0.25570325;0.281836225;0.2522608;90.73
29-11-2025 13:56:07;0.2565321;0.281836225;0.2522608;91.02
29-11-2025 14:56:08;0.260618875;0.281836225;0.2522608;92.47
29-11-2025 15:56:08;0.273602175;0.281836225;0.2522608;97.08
29-11-2025 16:56:08;0.274691175;0.281836225;0.2522608;97.46
29-11-2025 17:56:09;0.281836225;0.281836225;0.2522608;100.0
29-11-2025 18:56:09;0.275592625;0.281836225;0.2522608;97.78
29-11-2025 19:56:10;0.264869;0.281836225;0.2522608;93.98
29-11-2025 20:56:10;0.2564716;0.281836225;0.2522608;91.0
29-11-2025 21:56:11;0.25338005;0.281836225;0.2522608;89.9
29-11-2025 22:56:11;0.2595934;0.281836225;0.2522608;92.11
29-11-2025 23:56:12;0.2522608;0.281836225;0.2522608;89.51
30-11-2025 00:56:12;0.24719695;0.284558725;0.234271125;86.87
30-11-2025 01:56:12;0.2392049;0.284558725;0.234271125;84.06
30-11-2025 02:56:13;0.236848425;0.284558725;0.234271125;83.23
30-11-2025 03:56:13;0.234271125;0.284558725;0.234271125;82.33
30-11-2025 04:56:14;0.2363372;0.284558725;0.234271125;83.05
30-11-2025 05:56:14;0.24370005;0.284558725;0.234271125;85.64
30-11-2025 06:56:14;0.2448193;0.284558725;0.234271125;86.03
30-11-2025 07:56:15;0.24703965;0.284558725;0.234271125;86.81
30-11-2025 08:56:15;0.251931075;0.284558725;0.234271125;88.53
30-11-2025 09:56:16;0.254822975;0.284558725;0.234271125;89.55
30-11-2025 10:56:16;0.256837625;0.284558725;0.234271125;90.26
30-11-2025 11:56:17;0.25260565;0.284558725;0.234271125;88.77
30-11-2025 12:56:17;0.2535434;0.284558725;0.234271125;89.1
30-11-2025 13:56:17;0.25442065;0.284558725;0.234271125;89.41
30-11-2025 14:56:18;0.25939375;0.284558725;0.234271125;91.16
30-11-2025 15:56:18;0.265646425;0.284558725;0.234271125;93.35
30-11-2025 16:56:19;0.2671075;0.284558725;0.234271125;93.87
30-11-2025 17:56:19;0.28129475;0.284558725;0.234271125;98.85
30-11-2025 18:56:19;0.284558725;0.284558725;0.234271125;100.0
30-11-2025 19:56:20;0.28262575;0.284558725;0.234271125;99.32
30-11-2025 20:56:20;0.275211475;0.284558725;0.234271125;96.72
30-11-2025 21:56:21;0.26897695;0.284558725;0.234271125;94.52
30-11-2025 22:56:21;0.267249675;0.284558725;0.234271125;93.92
30-11-2025 23:56:21;0.26128135;0.284558725;0.234271125;91.82
01-12-2025 00:56:22;0.261066575;0.2809741;0.2293434;92.91
01-12-2025 01:56:22;0.25782075;0.2809741;0.2293434;91.76
01-12-2025 02:56:23;0.25160135;0.2809741;0.2293434;89.55
01-12-2025 03:56:23;0.23833975;0.2809741;0.2293434;84.83
01-12-2025 04:56:24;0.2325015;0.2809741;0.2293434;82.75
01-12-2025 05:56:24;0.2293434;0.2809741;0.2293434;81.62
01-12-2025 06:56:24;0.238512175;0.2809741;0.2293434;84.89
01-12-2025 07:56:25;0.265150325;0.2809741;0.2293434;94.37
01-12-2025 08:56:25;0.27712025;0.2809741;0.2293434;98.63
01-12-2025 09:56:26;0.2809741;0.2809741;0.2293434;100.0
01-12-2025 10:56:26;0.260564425;0.2809741;0.2293434;92.74
01-12-2025 11:56:27;0.2533861;0.2809741;0.2293434;90.18
01-12-2025 12:56:27;0.2499013;0.2809741;0.2293434;88.94
01-12-2025 13:56:27;0.26097885;0.2809741;0.2293434;92.88
01-12-2025 14:56:28;0.2698784;0.2809741;0.2293434;96.05
01-12-2025 15:56:28;0.2664299;0.2809741;0.2293434;94.82
01-12-2025 16:56:29;0.2696364;0.2809741;0.2293434;95.96
01-12-2025 17:56:29;0.2773078;0.2809741;0.2293434;98.7
01-12-2025 18:56:30;0.26759755;0.2809741;0.2293434;95.24
01-12-2025 19:56:30;0.261732075;0.2809741;0.2293434;93.15
01-12-2025 20:56:31;0.260062275;0.2809741;0.2293434;92.56
01-12-2025 21:56:31;0.249916425;0.2809741;0.2293434;88.95
01-12-2025 22:56:31;0.249184375;0.2809741;0.2293434;88.69
01-12-2025 23:56:32;0.2423872;0.2809741;0.2293434;86.27
02-12-2025 00:56:32;0.234307425;0.326733275;0.215788375;71.71
02-12-2025 01:56:33;0.22830885;0.326733275;0.215788375;69.88
02-12-2025 02:56:33;0.22218625;0.326733275;0.215788375;68.0
02-12-2025 03:56:33;0.2183082;0.326733275;0.215788375;66.82
02-12-2025 04:56:34;0.215788375;0.326733275;0.215788375;66.04
02-12-2025 05:56:34;0.231953975;0.326733275;0.215788375;70.99
02-12-2025 06:56:35;0.2511234;0.326733275;0.215788375;76.86
02-12-2025 07:56:35;0.253558525;0.326733275;0.215788375;77.6
02-12-2025 08:56:36;0.265882375;0.326733275;0.215788375;81.38
02-12-2025 09:56:36;0.2571734;0.326733275;0.215788375;78.71
02-12-2025 10:56:36;0.263105425;0.326733275;0.215788375;80.53
02-12-2025 11:56:37;0.2614568;0.326733275;0.215788375;80.02
02-12-2025 12:56:37;0.2622191;0.326733275;0.215788375;80.25
02-12-2025 13:56:38;0.2655224;0.326733275;0.215788375;81.27
02-12-2025 14:56:38;0.265779525;0.326733275;0.215788375;81.34
02-12-2025 15:56:39;0.273608225;0.326733275;0.215788375;83.74
02-12-2025 16:56:39;0.3028146;0.326733275;0.215788375;92.68
02-12-2025 17:56:39;0.326733275;0.326733275;0.215788375;100.0
02-12-2025 18:56:40;0.3013747;0.326733275;0.215788375;92.24
02-12-2025 19:56:40;0.2886334;0.326733275;0.215788375;88.34
02-12-2025 20:56:41;0.271696425;0.326733275;0.215788375;83.16
02-12-2025 21:56:41;0.2640583;0.326733275;0.215788375;80.82
02-12-2025 22:56:42;0.2627152;0.326733275;0.215788375;80.41
02-12-2025 23:56:42;0.27087665;0.326733275;0.215788375;82.9
03-12-2025 00:56:43;0.2573186;0.4691896;0.255954325;54.84
03-12-2025 01:56:43;0.259554075;0.4691896;0.255954325;55.32
03-12-2025 02:56:43;0.25905495;0.4691896;0.255954325;55.21
03-12-2025 03:56:44;0.256160025;0.4691896;0.255954325;54.6
03-12-2025 04:56:44;0.255954325;0.4691896;0.255954325;54.55
03-12-2025 05:56:45;0.26061585;0.4691896;0.255954325;55.55
03-12-2025 06:56:45;0.258335;0.4691896;0.255954325;55.06
03-12-2025 07:56:46;0.287166275;0.4691896;0.255954325;61.2
03-12-2025 08:56:46;0.3440998;0.4691896;0.255954325;73.34
03-12-2025 09:56:47;0.329020175;0.4691896;0.255954325;70.13
03-12-2025 10:56:47;0.313453525;0.4691896;0.255954325;66.81
03-12-2025 11:56:48;0.314016175;0.4691896;0.255954325;66.93
03-12-2025 12:56:48;0.312600475;0.4691896;0.255954325;66.63
03-12-2025 13:56:48;0.314046425;0.4691896;0.255954325;66.93
03-12-2025 14:56:49;0.3625644;0.4691896;0.255954325;77.27
03-12-2025 15:56:49;0.411475625;0.4691896;0.255954325;87.7
03-12-2025 16:56:50;0.4691896;0.4691896;0.255954325;100.0
03-12-2025 17:56:50;0.450631225;0.4691896;0.255954325;96.04
03-12-2025 18:56:51;0.392932375;0.4691896;0.255954325;83.75
03-12-2025 19:56:51;0.358054125;0.4691896;0.255954325;76.31
03-12-2025 20:56:51;0.326146425;0.4691896;0.255954325;69.51
03-12-2025 21:56:52;0.288872375;0.4691896;0.255954325;61.57
03-12-2025 22:56:52;0.265531475;0.4691896;0.255954325;56.59
03-12-2025 23:56:53;0.259469375;0.4691896;0.255954325;55.3
04-12-2025 00:56:53;0.26493555;0.3170926;0.2487034;83.55
04-12-2025 01:56:54;0.26428215;0.3170926;0.2487034;83.35
04-12-2025 02:56:54;0.259929175;0.3170926;0.2487034;81.97
04-12-2025 03:56:54;0.257908475;0.3170926;0.2487034;81.34
04-12-2025 04:56:55;0.25175865;0.3170926;0.2487034;79.4
04-12-2025 05:56:55;0.2535434;0.3170926;0.2487034;79.96
04-12-2025 06:56:56;0.2487034;0.3170926;0.2487034;78.43
04-12-2025 07:56:56;0.2898434;0.3170926;0.2487034;91.41
04-12-2025 08:56:56;0.3100383;0.3170926;0.2487034;97.78
04-12-2025 09:56:57;0.25667125;0.3170926;0.2487034;80.95
04-12-2025 10:56:57;0.2686321;0.3170926;0.2487034;84.72
04-12-2025 11:56:58;0.268066425;0.3170926;0.2487034;84.54
04-12-2025 12:56:58;0.264506;0.3170926;0.2487034;83.42
04-12-2025 13:56:59;0.2665267;0.3170926;0.2487034;84.05
04-12-2025 14:56:59;0.2753234;0.3170926;0.2487034;86.83
04-12-2025 15:57:00;0.2743191;0.3170926;0.2487034;86.51
04-12-2025 16:57:00;0.3170926;0.3170926;0.2487034;100.0
04-12-2025 17:57:00;0.312301;0.3170926;0.2487034;98.49
04-12-2025 18:57:01;0.3032865;0.3170926;0.2487034;95.65
04-12-2025 19:57:01;0.298316425;0.3170926;0.2487034;94.08
04-12-2025 20:57:02;0.290203375;0.3170926;0.2487034;91.52
04-12-2025 21:57:02;0.273130275;0.3170926;0.2487034;86.14
04-12-2025 22:57:03;0.267074225;0.3170926;0.2487034;84.23
04-12-2025 23:57:03;0.2595934;0.3170926;0.2487034;81.87
05-12-2025 00:57:03;0.2474934;0.37026605;0.2474934;66.84
05-12-2025 01:57:04;0.254193775;0.37026605;0.2474934;68.65
05-12-2025 02:57:04;0.25382775;0.37026605;0.2474934;68.55
05-12-2025 03:57:05;0.25455375;0.37026605;0.2474934;68.75
05-12-2025 04:57:05;0.253594825;0.37026605;0.2474934;68.49
05-12-2025 05:57:05;0.265700875;0.37026605;0.2474934;71.76
05-12-2025 06:57:06;0.2946834;0.37026605;0.2474934;79.59
05-12-2025 07:57:06;0.309357675;0.37026605;0.2474934;83.55
05-12-2025 08:57:07;0.367546575;0.37026605;0.2474934;99.27
05-12-2025 09:57:07;0.37026605;0.37026605;0.2474934;100.0
05-12-2025 10:57:08;0.35118435;0.37026605;0.2474934;94.85
05-12-2025 11:57:08;0.342572175;0.37026605;0.2474934;92.52
05-12-2025 12:57:08;0.336134975;0.37026605;0.2474934;90.78
05-12-2025 13:57:09;0.32686335;0.37026605;0.2474934;88.28
05-12-2025 14:57:09;0.323423925;0.37026605;0.2474934;87.35
05-12-2025 15:57:10;0.323841375;0.37026605;0.2474934;87.46
05-12-2025 16:57:10;0.325039275;0.37026605;0.2474934;87.79
05-12-2025 17:57:11;0.3261434;0.37026605;0.2474934;88.08
05-12-2025 18:57:11;0.2897224;0.37026605;0.2474934;78.25
05-12-2025 19:57:12;0.2668534;0.37026605;0.2474934;72.07
05-12-2025 20:57:12;0.26227355;0.37026605;0.2474934;70.83
05-12-2025 21:57:12;0.26085785;0.37026605;0.2474934;70.45
05-12-2025 22:57:13;0.256317325;0.37026605;0.2474934;69.23
05-12-2025 23:57:13;0.252342475;0.37026605;0.2474934;68.15
06-12-2025 00:57:14;0.24776565;0.2637195;0.22523545;93.95
06-12-2025 01:57:14;0.2406811;0.2637195;0.22523545;91.26
06-12-2025 02:57:15;0.237039;0.2637195;0.22523545;89.88
06-12-2025 03:57:15;0.232147575;0.2637195;0.22523545;88.03
06-12-2025 04:57:15;0.228366325;0.2637195;0.22523545;86.59
06-12-2025 05:57:16;0.225752725;0.2637195;0.22523545;85.6
06-12-2025 06:57:16;0.22523545;0.2637195;0.22523545;85.41
06-12-2025 07:57:17;0.2305413;0.2637195;0.22523545;87.42
06-12-2025 08:57:17;0.242614075;0.2637195;0.22523545;92.0
06-12-2025 09:57:18;0.24886675;0.2637195;0.22523545;94.37
06-12-2025 10:57:18;0.249117825;0.2637195;0.22523545;94.46
06-12-2025 11:57:18;0.25041555;0.2637195;0.22523545;94.96
06-12-2025 12:57:19;0.248839525;0.2637195;0.22523545;94.36
06-12-2025 13:57:19;0.24994365;0.2637195;0.22523545;94.78
06-12-2025 14:57:20;0.2510992;0.2637195;0.22523545;95.21
06-12-2025 15:57:20;0.2566168;0.2637195;0.22523545;97.31
06-12-2025 16:57:20;0.2624127;0.2637195;0.22523545;99.5
06-12-2025 17:57:21;0.2637195;0.2637195;0.22523545;100.0
06-12-2025 18:57:21;0.2590731;0.2637195;0.22523545;98.24
06-12-2025 19:57:22;0.257370025;0.2637195;0.22523545;97.59
06-12-2025 20:57:22;0.248897;0.2637195;0.22523545;94.38
06-12-2025 21:57:23;0.245372875;0.2637195;0.22523545;93.04
06-12-2025 22:57:23;0.24301035;0.2637195;0.22523545;92.15
06-12-2025 23:57:24;0.238354875;0.2637195;0.22523545;90.38
07-12-2025 00:57:24;0.2340624;0.283633075;0.202157725;82.52
07-12-2025 01:57:24;0.227234975;0.283633075;0.202157725;80.12
07-12-2025 02:57:25;0.222025925;0.283633075;0.202157725;78.28
07-12-2025 03:57:25;0.219321575;0.283633075;0.202157725;77.33
07-12-2025 04:57:26;0.2298758;0.283633075;0.202157725;81.05
07-12-2025 05:57:26;0.23176945;0.283633075;0.202157725;81.71
07-12-2025 06:57:27;0.2338446;0.283633075;0.202157725;82.45
07-12-2025 07:57:27;0.249922475;0.283633075;0.202157725;88.11
07-12-2025 08:57:27;0.253655325;0.283633075;0.202157725;89.43
07-12-2025 09:57:28;0.26026495;0.283633075;0.202157725;91.76
07-12-2025 10:57:28;0.25682855;0.283633075;0.202157725;90.55
07-12-2025 11:57:34;0.26371345;0.283633075;0.202157725;92.98
07-12-2025 12:57:34;0.2621344;0.283633075;0.202157725;92.42
07-12-2025 13:57:35;0.26314475;0.283633075;0.202157725;92.78
07-12-2025 14:57:35;0.2685837;0.283633075;0.202157725;94.69
07-12-2025 15:57:35;0.268937625;0.283633075;0.202157725;94.82
07-12-2025 16:57:36;0.274158775;0.283633075;0.202157725;96.66
07-12-2025 17:57:36;0.283633075;0.283633075;0.202157725;100.0
07-12-2025 18:57:37;0.264067375;0.283633075;0.202157725;93.1
07-12-2025 19:57:37;0.254508375;0.283633075;0.202157725;89.73
07-12-2025 20:57:42;0.247357275;0.283633075;0.202157725;87.21
07-12-2025 21:57:43;0.23633115;0.283633075;0.202157725;83.32
07-12-2025 22:57:43;0.228451025;0.283633075;0.202157725;80.54
07-12-2025 23:57:44;0.202157725;0.283633075;0.202157725;71.27
08-12-2025 00:57:44;0.176106425;0.280862175;0.1634831;62.7
08-12-2025 01:57:44;0.167660625;0.280862175;0.1634831;59.69
08-12-2025 02:57:45;0.169245725;0.280862175;0.1634831;60.26
08-12-2025 03:57:45;0.1634831;0.280862175;0.1634831;58.21
08-12-2025 04:57:46;0.1698235;0.280862175;0.1634831;60.47
08-12-2025 05:57:46;0.186996425;0.280862175;0.1634831;66.58
08-12-2025 06:57:46;0.229340375;0.280862175;0.1634831;81.66
08-12-2025 07:57:47;0.250733175;0.280862175;0.1634831;89.27
08-12-2025 08:57:47;0.266783825;0.280862175;0.1634831;94.99
08-12-2025 09:57:48;0.267310175;0.280862175;0.1634831;95.17
08-12-2025 10:57:48;0.2596176;0.280862175;0.1634831;92.44
08-12-2025 11:57:49;0.249371925;0.280862175;0.1634831;88.79
08-12-2025 12:57:49;0.244592425;0.280862175;0.1634831;87.09
08-12-2025 13:57:49;0.249601825;0.280862175;0.1634831;88.87
08-12-2025 14:57:50;0.253927575;0.280862175;0.1634831;90.41
08-12-2025 15:57:50;0.266547875;0.280862175;0.1634831;94.9
08-12-2025 16:57:51;0.264623975;0.280862175;0.1634831;94.22
08-12-2025 17:57:51;0.280862175;0.280862175;0.1634831;100.0
08-12-2025 18:57:52;0.2749483;0.280862175;0.1634831;97.89
08-12-2025 19:57:52;0.2716934;0.280862175;0.1634831;96.74
08-12-2025 20:57:52;0.260189325;0.280862175;0.1634831;92.64
08-12-2025 21:57:53;0.2523939;0.280862175;0.1634831;89.86
08-12-2025 22:57:53;0.250557725;0.280862175;0.1634831;89.21
08-12-2025 23:57:54;0.2419032;0.280862175;0.1634831;86.13
09-12-2025 00:57:54;0.239401525;0.2984586;0.215080525;80.21
09-12-2025 01:57:55;0.23902945;0.2984586;0.215080525;80.09
09-12-2025 02:57:55;0.239679825;0.2984586;0.215080525;80.31
09-12-2025 03:57:55;0.239256325;0.2984586;0.215080525;80.16
09-12-2025 04:57:56;0.236406775;0.2984586;0.215080525;79.21
09-12-2025 05:57:56;0.243358225;0.2984586;0.215080525;81.54
09-12-2025 06:57:57;0.262742425;0.2984586;0.215080525;88.03
09-12-2025 07:57:57;0.27353865;0.2984586;0.215080525;91.65
09-12-2025 08:57:57;0.2984586;0.2984586;0.215080525;100.0
09-12-2025 09:57:58;0.283391075;0.2984586;0.215080525;94.95
09-12-2025 11:57:59;0.267334375;0.2984586;0.215080525;89.57
09-12-2025 12:57:59;0.261405375;0.2984586;0.215080525;87.59
09-12-2025 13:57:59;0.26449995;0.2984586;0.215080525;88.62
09-12-2025 14:58:00;0.2632355;0.2984586;0.215080525;88.2
09-12-2025 15:58:00;0.2740287;0.2984586;0.215080525;91.81
09-12-2025 16:58:01;0.270153675;0.2984586;0.215080525;90.52
09-12-2025 17:58:01;0.274921075;0.2984586;0.215080525;92.11
09-12-2025 18:58:02;0.26456045;0.2984586;0.215080525;88.64
09-12-2025 19:58:02;0.2547534;0.2984586;0.215080525;85.36
09-12-2025 20:58:02;0.2515106;0.2984586;0.215080525;84.27
09-12-2025 21:58:03;0.240563125;0.2984586;0.215080525;80.6
09-12-2025 22:58:08;0.234839825;0.2984586;0.215080525;78.68
09-12-2025 23:58:09;0.215080525;0.2984586;0.215080525;72.06
10-12-2025 00:58:09;0.205618325;0.282293;0.189728;72.84
10-12-2025 01:58:10;0.196543325;0.282293;0.189728;69.62
10-12-2025 02:58:10;0.189728;0.282293;0.189728;67.21
10-12-2025 03:58:11;0.1934064;0.282293;0.189728;68.51
10-12-2025 04:58:11;0.2082773;0.282293;0.189728;73.78
10-12-2025 05:58:11;0.230846825;0.282293;0.189728;81.78
10-12-2025 06:58:12;0.245996025;0.282293;0.189728;87.14
10-12-2025 07:58:12;0.261205725;0.282293;0.189728;92.53
10-12-2025 08:58:13;0.2698421;0.282293;0.189728;95.59
10-12-2025 09:58:13;0.269300625;0.282293;0.189728;95.4
10-12-2025 10:58:13;0.2604162;0.282293;0.189728;92.25
10-12-2025 11:58:14;0.254109075;0.282293;0.189728;90.02
10-12-2025 12:58:14;0.25273875;0.282293;0.189728;89.53
10-12-2025 13:58:15;0.2528174;0.282293;0.189728;89.56
10-12-2025 14:58:15;0.2608034;0.282293;0.189728;92.39
10-12-2025 15:58:15;0.2643124;0.282293;0.189728;93.63
10-12-2025 16:58:16;0.27168735;0.282293;0.189728;96.24
10-12-2025 17:58:16;0.282293;0.282293;0.189728;100.0
10-12-2025 18:58:17;0.28189975;0.282293;0.189728;99.86
10-12-2025 19:58:17;0.272371;0.282293;0.189728;96.49
10-12-2025 20:58:18;0.2617835;0.282293;0.189728;92.73
10-12-2025 21:58:18;0.2587464;0.282293;0.189728;91.66
10-12-2025 22:58:18;0.2549349;0.282293;0.189728;90.31
10-12-2025 23:58:19;0.248065125;0.282293;0.189728;87.88
11-12-2025 00:58:19;0.243533675;0.29257195;0.241301225;83.24
11-12-2025 01:58:20;0.242825825;0.29257195;0.241301225;83.0
11-12-2025 02:58:20;0.241301225;0.29257195;0.241301225;82.48
11-12-2025 03:58:21;0.243436875;0.29257195;0.241301225;83.21
11-12-2025 04:58:21;0.244507725;0.29257195;0.241301225;83.57
11-12-2025 05:58:22;0.249837775;0.29257195;0.241301225;85.39
11-12-2025 06:58:22;0.258456;0.29257195;0.241301225;88.34
11-12-2025 07:58:22;0.27338135;0.29257195;0.241301225;93.44
11-12-2025 08:58:23;0.28730845;0.29257195;0.241301225;98.2
11-12-2025 09:58:23;0.282314175;0.29257195;0.241301225;96.49
11-12-2025 10:58:24;0.266330075;0.29257195;0.241301225;91.03
11-12-2025 11:58:24;0.2637316;0.29257195;0.241301225;90.14
11-12-2025 12:58:25;0.2613721;0.29257195;0.241301225;89.34
11-12-2025 13:58:25;0.26215255;0.29257195;0.241301225;89.6
11-12-2025 14:58:25;0.27028375;0.29257195;0.241301225;92.38
11-12-2025 15:58:26;0.284994325;0.29257195;0.241301225;97.41
11-12-2025 16:58:26;0.28953485;0.29257195;0.241301225;98.96
11-12-2025 17:58:27;0.29257195;0.29257195;0.241301225;100.0
11-12-2025 18:58:27;0.29076905;0.29257195;0.241301225;99.38
11-12-2025 19:58:27;0.284958025;0.29257195;0.241301225;97.4
11-12-2025 20:58:28;0.278375625;0.29257195;0.241301225;95.15
11-12-2025 21:58:28;0.2661758;0.29257195;0.241301225;90.98
11-12-2025 22:58:29;0.267340425;0.29257195;0.241301225;91.38
11-12-2025 23:58:29;0.26291485;0.29257195;0.241301225;89.86
12-12-2025 00:58:30;0.25587265;0.33141295;0.25587265;77.21
12-12-2025 01:58:30;0.258525575;0.33141295;0.25587265;78.01
12-12-2025 02:58:30;0.25923645;0.33141295;0.25587265;78.22
12-12-2025 03:58:31;0.25984145;0.33141295;0.25587265;78.4
12-12-2025 04:58:31;0.2569677;0.33141295;0.25587265;77.54
12-12-2025 05:58:32;0.257708825;0.33141295;0.25587265;77.76
12-12-2025 06:58:32;0.262615375;0.33141295;0.25587265;79.24
12-12-2025 07:58:32;0.297118525;0.33141295;0.25587265;89.65
12-12-2025 08:58:33;0.3111152;0.33141295;0.25587265;93.88
12-12-2025 09:58:33;0.30703145;0.33141295;0.25587265;92.64
12-12-2025 10:58:34;0.29936005;0.33141295;0.25587265;90.33
12-12-2025 11:58:34;0.293930175;0.33141295;0.25587265;88.69
12-12-2025 12:58:35;0.288618275;0.33141295;0.25587265;87.09
12-12-2025 13:58:35;0.292478175;0.33141295;0.25587265;88.25
12-12-2025 14:58:36;0.300772725;0.33141295;0.25587265;90.75
12-12-2025 15:58:36;0.30787845;0.33141295;0.25587265;92.9
12-12-2025 16:58:36;0.3230458;0.33141295;0.25587265;97.48
12-12-2025 17:58:37;0.33141295;0.33141295;0.25587265;100.0
12-12-2025 18:58:37;0.312673075;0.33141295;0.25587265;94.35
12-12-2025 19:58:38;0.288866325;0.33141295;0.25587265;87.16
12-12-2025 20:58:38;0.279555375;0.33141295;0.25587265;84.35
12-12-2025 21:58:38;0.2704834;0.33141295;0.25587265;81.62
12-12-2025 22:58:39;0.265071675;0.33141295;0.25587265;79.98
12-12-2025 23:58:39;0.265537525;0.33141295;0.25587265;80.12
13-12-2025 00:58:40;0.260755;0.2953247;0.2500949;88.29
13-12-2025 01:58:40;0.2641188;0.2953247;0.2500949;89.43
13-12-2025 02:58:41;0.2597144;0.2953247;0.2500949;87.94
13-12-2025 03:58:41;0.2563627;0.2953247;0.2500949;86.81
13-12-2025 04:58:47;0.2533014;0.2953247;0.2500949;85.77
13-12-2025 05:58:47;0.25531;0.2953247;0.2500949;86.45
13-12-2025 06:58:48;0.2500949;0.2953247;0.2500949;84.68
13-12-2025 07:58:48;0.2527932;0.2953247;0.2500949;85.6
13-12-2025 08:58:49;0.2704713;0.2953247;0.2500949;91.58
13-12-2025 09:58:49;0.2814339;0.2953247;0.2500949;95.3
13-12-2025 10:58:49;0.2757348;0.2953247;0.2500949;93.37
13-12-2025 11:58:50;0.2701204;0.2953247;0.2500949;91.47
13-12-2025 12:58:50;0.265958;0.2953247;0.2500949;90.06
13-12-2025 13:58:51;0.2640704;0.2953247;0.2500949;89.42
13-12-2025 14:58:51;0.2668897;0.2953247;0.2500949;90.37
13-12-2025 15:58:52;0.2874234;0.2953247;0.2500949;97.32
13-12-2025 16:58:52;0.294514;0.2953247;0.2500949;99.73
13-12-2025 17:58:53;0.2953247;0.2953247;0.2500949;100.0
13-12-2025 18:58:53;0.2881736;0.2953247;0.2500949;97.58
13-12-2025 19:58:54;0.279389;0.2953247;0.2500949;94.6
13-12-2025 20:58:54;0.2652925;0.2953247;0.2500949;89.83
13-12-2025 21:58:55;0.2629209;0.2953247;0.2500949;89.03
13-12-2025 22:58:55;0.2624127;0.2953247;0.2500949;88.86
13-12-2025 23:58:56;0.2535434;0.2953247;0.2500949;85.85
14-12-2025 00:58:56;0.2649416;0.2788808;0.2455453;95.0
14-12-2025 01:58:57;0.2633202;0.2788808;0.2455453;94.42
14-12-2025 02:58:57;0.2532893;0.2788808;0.2455453;90.82
14-12-2025 03:58:57;0.250712;0.2788808;0.2455453;89.9
14-12-2025 04:58:58;0.2461624;0.2788808;0.2455453;88.27
14-12-2025 05:58:58;0.2472756;0.2788808;0.2455453;88.67
14-12-2025 06:58:59;0.2455453;0.2788808;0.2455453;88.05
14-12-2025 07:58:59;0.2465254;0.2788808;0.2455453;88.4
14-12-2025 08:59:00;0.2525512;0.2788808;0.2455453;90.56
14-12-2025 09:59:00;0.2550075;0.2788808;0.2455453;91.44
14-12-2025 10:59:00;0.2508935;0.2788808;0.2455453;89.96
14-12-2025 11:59:01;0.2553221;0.2788808;0.2455453;91.55
14-12-2025 12:59:01;0.2581777;0.2788808;0.2455453;92.58
14-12-2025 13:59:02;0.2574396;0.2788808;0.2455453;92.31
14-12-2025 14:59:02;0.2592546;0.2788808;0.2455453;92.96
14-12-2025 15:59:03;0.2635864;0.2788808;0.2455453;94.52
14-12-2025 16:59:03;0.2681844;0.2788808;0.2455453;96.16
14-12-2025 17:59:04;0.2773441;0.2788808;0.2455453;99.45
14-12-2025 18:59:04;0.2788808;0.2788808;0.2455453;100.0
14-12-2025 19:59:06;0.2668897;0.2788808;0.2455453;95.7
14-12-2025 20:59:06;0.2636469;0.2788808;0.2455453;94.54
14-12-2025 21:59:07;0.2564111;0.2788808;0.2455453;91.94
14-12-2025 22:59:07;0.2544509;0.2788808;0.2455453;91.24
14-12-2025 23:59:08;0.2467795;0.2788808;0.2455453;88.49
15-12-2025 00:59:08;0.241410125;0.286891;0.235390375;84.15
15-12-2025 01:59:08;0.2407416;0.286891;0.235390375;83.91
15-12-2025 02:59:09;0.2388903;0.286891;0.235390375;83.27
15-12-2025 03:59:09;0.235390375;0.286891;0.235390375;82.05
15-12-2025 04:59:10;0.237895075;0.286891;0.235390375;82.92
15-12-2025 05:59:10;0.2438634;0.286891;0.235390375;85.0
15-12-2025 06:59:11;0.25903075;0.286891;0.235390375;90.29
15-12-2025 07:59:11;0.26189845;0.286891;0.235390375;91.29
15-12-2025 08:59:12;0.27836655;0.286891;0.235390375;97.03
15-12-2025 09:59:12;0.273263375;0.286891;0.235390375;95.25
15-12-2025 10:59:13;0.262518575;0.286891;0.235390375;91.5
15-12-2025 11:59:13;0.251918975;0.286891;0.235390375;87.81
15-12-2025 12:59:13;0.250128175;0.286891;0.235390375;87.19
15-12-2025 13:59:14;0.259965475;0.286891;0.235390375;90.61
15-12-2025 14:59:14;0.267794175;0.286891;0.235390375;93.34
15-12-2025 15:59:15;0.279022975;0.286891;0.235390375;97.26
15-12-2025 16:59:15;0.286891;0.286891;0.235390375;100.0
15-12-2025 17:59:16;0.281200975;0.286891;0.235390375;98.02
15-12-2025 18:59:16;0.274697225;0.286891;0.235390375;95.75
15-12-2025 19:59:17;0.265440725;0.286891;0.235390375;92.52
15-12-2025 20:59:17;0.25728835;0.286891;0.235390375;89.68
15-12-2025 21:59:18;0.257539425;0.286891;0.235390375;89.77
15-12-2025 22:59:18;0.258459025;0.286891;0.235390375;90.09
15-12-2025 23:59:18;0.253637175;0.286891;0.235390375;88.41
16-12-2025 00:59:19;0.25051235;0.35043415;0.24912085;71.49
16-12-2025 01:59:19;0.2508693;0.35043415;0.24912085;71.59
16-12-2025 02:59:20;0.24912085;0.35043415;0.24912085;71.09
16-12-2025 03:59:20;0.250116075;0.35043415;0.24912085;71.37
16-12-2025 04:59:21;0.252088375;0.35043415;0.24912085;71.94
16-12-2025 05:59:21;0.254030425;0.35043415;0.24912085;72.49
16-12-2025 06:59:22;0.261986175;0.35043415;0.24912085;74.76
16-12-2025 07:59:22;0.26531065;0.35043415;0.24912085;75.71
16-12-2025 08:59:33;0.277528625;0.35043415;0.24912085;79.2
16-12-2025 09:59:33;0.274316075;0.35043415;0.24912085;78.28
16-12-2025 10:59:34;0.26848085;0.35043415;0.24912085;76.61
16-12-2025 11:59:34;0.26637545;0.35043415;0.24912085;76.01
16-12-2025 12:59:34;0.26705305;0.35043415;0.24912085;76.21
16-12-2025 13:59:35;0.2755412;0.35043415;0.24912085;78.63
16-12-2025 14:59:35;0.3021491;0.35043415;0.24912085;86.22
16-12-2025 15:59:36;0.3219084;0.35043415;0.24912085;91.86
16-12-2025 16:59:36;0.341319825;0.35043415;0.24912085;97.4
16-12-2025 17:59:37;0.35043415;0.35043415;0.24912085;100.0
16-12-2025 18:59:37;0.3261071;0.35043415;0.24912085;93.06
16-12-2025 19:59:37;0.32265255;0.35043415;0.24912085;92.07
16-12-2025 20:59:38;0.309442375;0.35043415;0.24912085;88.3
16-12-2025 21:59:38;0.297905025;0.35043415;0.24912085;85.01
16-12-2025 22:59:39;0.2925901;0.35043415;0.24912085;83.49
16-12-2025 23:01:38;0.2789897;0.35043415;0.24912085;79.61
17-12-2025 00:01:38;0.2624369;0.315849325;0.249432425;83.09
17-12-2025 01:01:39;0.26296325;0.315849325;0.249432425;83.26
17-12-2025 02:01:39;0.2595934;0.315849325;0.249432425;82.19
17-12-2025 03:01:40;0.25656235;0.315849325;0.249432425;81.23
17-12-2025 04:01:40;0.2580204;0.315849325;0.249432425;81.69
17-12-2025 05:01:41;0.26274545;0.315849325;0.249432425;83.19
17-12-2025 06:01:41;0.2670954;0.315849325;0.249432425;84.56
17-12-2025 07:01:42;0.285478325;0.315849325;0.249432425;90.38
17-12-2025 08:01:42;0.315849325;0.315849325;0.249432425;100.0
17-12-2025 09:01:43;0.30671685;0.315849325;0.249432425;97.11
17-12-2025 10:01:43;0.3025484;0.315849325;0.249432425;95.79
17-12-2025 11:01:44;0.294710625;0.315849325;0.249432425;93.31
17-12-2025 12:01:44;0.287680525;0.315849325;0.249432425;91.08
17-12-2025 13:01:45;0.298225675;0.315849325;0.249432425;94.42
17-12-2025 14:01:45;0.30551895;0.315849325;0.249432425;96.73
17-12-2025 15:01:46;0.303489175;0.315849325;0.249432425;96.09
17-12-2025 16:01:46;0.3060937;0.315849325;0.249432425;96.91
17-12-2025 17:01:46;0.29765395;0.315849325;0.249432425;94.24
17-12-2025 18:01:47;0.280239025;0.315849325;0.249432425;88.73
22-12-2025 08:19:37;0.2682691;0.285623525;0.235977225;93.92
22-12-2025 09:19:38;0.266886675;0.285623525;0.235977225;93.44
22-12-2025 10:19:38;0.264369875;0.285623525;0.235977225;92.56
22-12-2025 11:19:39;0.259487525;0.285623525;0.235977225;90.85
22-12-2025 12:19:39;0.261883325;0.285623525;0.235977225;91.69
22-12-2025 13:19:40;0.2643729;0.285623525;0.235977225;92.56
22-12-2025 14:19:41;0.268175325;0.285623525;0.235977225;93.89
22-12-2025 15:19:41;0.2753355;0.285623525;0.235977225;96.4
22-12-2025 16:19:42;0.277752475;0.285623525;0.235977225;97.24
22-12-2025 17:19:42;0.285623525;0.285623525;0.235977225;100.0
22-12-2025 18:19:43;0.2798851;0.285623525;0.235977225;97.99
22-12-2025 19:19:43;0.272029175;0.285623525;0.235977225;95.24
22-12-2025 20:19:43;0.26474195;0.285623525;0.235977225;92.69
22-12-2025 21:19:44;0.259469375;0.285623525;0.235977225;90.84
22-12-2025 22:19:44;0.2593514;0.285623525;0.235977225;90.8
22-12-2025 23:19:45;0.251471275;0.285623525;0.235977225;88.04
23-12-2025 00:19:45;0.253092675;0.2685111;0.227210775;94.26
23-12-2025 01:19:46;0.2465375;0.2685111;0.227210775;91.82
23-12-2025 02:19:46;0.2340745;0.2685111;0.227210775;87.17
23-12-2025 03:19:47;0.228922925;0.2685111;0.227210775;85.26
23-12-2025 04:19:47;0.227210775;0.2685111;0.227210775;84.62
23-12-2025 05:19:47;0.22765545;0.2685111;0.227210775;84.78
23-12-2025 06:19:48;0.239459;0.2685111;0.227210775;89.18
23-12-2025 07:19:48;0.253963875;0.2685111;0.227210775;94.58
23-12-2025 08:19:54;0.2632234;0.2685111;0.227210775;98.03
23-12-2025 09:19:54;0.2685111;0.2685111;0.227210775;100.0
23-12-2025 10:19:55;0.265525425;0.2685111;0.227210775;98.89
23-12-2025 11:19:55;0.2565684;0.2685111;0.227210775;95.55
23-12-2025 12:19:55;0.255343275;0.2685111;0.227210775;95.1
23-12-2025 13:19:56;0.253316525;0.2685111;0.227210775;94.34
23-12-2025 14:19:56;0.253364925;0.2685111;0.227210775;94.36
23-12-2025 15:19:57;0.256553275;0.2685111;0.227210775;95.55
23-12-2025 16:19:57;0.2644334;0.2685111;0.227210775;98.48
23-12-2025 17:19:57;0.2655224;0.2685111;0.227210775;98.89
23-12-2025 18:19:58;0.258331975;0.2685111;0.227210775;96.21
23-12-2025 19:19:58;0.2565926;0.2685111;0.227210775;95.56
23-12-2025 20:19:59;0.25112945;0.2685111;0.227210775;93.53
23-12-2025 21:19:59;0.2413587;0.2685111;0.227210775;89.89
23-12-2025 22:20:00;0.2431495;0.2685111;0.227210775;90.55
23-12-2025 23:20:00;0.23405635;0.2685111;0.227210775;87.17
24-12-2025 00:20:00;0.227731075;0.264581625;0.21641455;86.07
24-12-2025 01:20:01;0.2210186;0.264581625;0.21641455;83.54
24-12-2025 02:20:01;0.21979045;0.264581625;0.21641455;83.07
24-12-2025 03:20:02;0.2174249;0.264581625;0.21641455;82.18
24-12-2025 04:20:02;0.21641455;0.264581625;0.21641455;81.8
24-12-2025 05:20:02;0.21662025;0.264581625;0.21641455;81.87
24-12-2025 06:20:03;0.220870375;0.264581625;0.21641455;83.48
24-12-2025 07:20:03;0.23720235;0.264581625;0.21641455;89.65
24-12-2025 08:20:04;0.2547534;0.264581625;0.21641455;96.29
24-12-2025 09:20:04;0.2565321;0.264581625;0.21641455;96.96
24-12-2025 10:20:05;0.2468037;0.264581625;0.21641455;93.28
24-12-2025 11:20:05;0.2327919;0.264581625;0.21641455;87.98
24-12-2025 12:20:05;0.230846825;0.264581625;0.21641455;87.25
24-12-2025 13:20:06;0.230120825;0.264581625;0.21641455;86.98
24-12-2025 14:20:06;0.23639165;0.264581625;0.21641455;89.35
24-12-2025 15:20:07;0.248476525;0.264581625;0.21641455;93.91
24-12-2025 16:20:07;0.261000025;0.264581625;0.21641455;98.65
24-12-2025 17:20:08;0.264581625;0.264581625;0.21641455;100.0
24-12-2025 18:20:08;0.252221475;0.264581625;0.21641455;95.33
24-12-2025 19:20:08;0.243588125;0.264581625;0.21641455;92.07
24-12-2025 20:20:09;0.239213975;0.264581625;0.21641455;90.41
24-12-2025 21:20:09;0.2355144;0.264581625;0.21641455;89.01
24-12-2025 22:20:10;0.2380554;0.264581625;0.21641455;89.97
24-12-2025 23:20:10;0.231845075;0.264581625;0.21641455;87.63
25-12-2025 00:20:10;0.227156325;0.271750875;0.2102133;83.59
25-12-2025 01:20:11;0.2202563;0.271750875;0.2102133;81.05
25-12-2025 02:20:11;0.220174625;0.271750875;0.2102133;81.02
25-12-2025 03:20:12;0.21664445;0.271750875;0.2102133;79.72
25-12-2025 04:20:12;0.214886925;0.271750875;0.2102133;79.07
25-12-2025 05:20:12;0.213483325;0.271750875;0.2102133;78.56
25-12-2025 06:20:13;0.2111934;0.271750875;0.2102133;77.72
25-12-2025 07:20:13;0.2182719;0.271750875;0.2102133;80.32
25-12-2025 08:20:14;0.230132925;0.271750875;0.2102133;84.69
25-12-2025 09:20:14;0.23387485;0.271750875;0.2102133;86.06
25-12-2025 10:20:15;0.2179452;0.271750875;0.2102133;80.2
25-12-2025 11:20:15;0.2106368;0.271750875;0.2102133;77.51
25-12-2025 12:20:15;0.211154075;0.271750875;0.2102133;77.7
25-12-2025 13:20:16;0.2102133;0.271750875;0.2102133;77.36
25-12-2025 14:20:16;0.231336875;0.271750875;0.2102133;85.13
25-12-2025 15:20:17;0.257176425;0.271750875;0.2102133;94.64
25-12-2025 16:20:17;0.26424585;0.271750875;0.2102133;97.24
25-12-2025 17:20:18;0.27017485;0.271750875;0.2102133;99.42
25-12-2025 18:20:26;0.27080405;0.271750875;0.2102133;99.65
25-12-2025 19:20:26;0.268229775;0.271750875;0.2102133;98.7
25-12-2025 20:20:27;0.2670833;0.271750875;0.2102133;98.28
25-12-2025 21:20:27;0.268005925;0.271750875;0.2102133;98.62
25-12-2025 22:20:28;0.271750875;0.271750875;0.2102133;100.0
25-12-2025 23:20:28;0.266832225;0.271750875;0.2102133;98.19
26-12-2025 00:20:29;0.2742344;0.2978173;0.2547534;92.08
26-12-2025 01:20:29;0.266916925;0.2978173;0.2547534;89.62
26-12-2025 02:20:29;0.260443425;0.2978173;0.2547534;87.45
26-12-2025 03:20:31;0.256758975;0.2978173;0.2547534;86.21
26-12-2025 04:20:31;0.2547534;0.2978173;0.2547534;85.54
26-12-2025 05:20:32;0.25536445;0.2978173;0.2547534;85.75
26-12-2025 06:20:32;0.259251575;0.2978173;0.2547534;87.05
26-12-2025 07:20:33;0.269016275;0.2978173;0.2547534;90.33
26-12-2025 08:20:33;0.27546255;0.2978173;0.2547534;92.49
26-12-2025 09:20:33;0.273251275;0.2978173;0.2547534;91.75
26-12-2025 10:20:34;0.2647359;0.2978173;0.2547534;88.89
26-12-2025 11:20:34;0.259584325;0.2978173;0.2547534;87.16
26-12-2025 12:20:35;0.256341525;0.2978173;0.2547534;86.07
26-12-2025 13:20:35;0.256873925;0.2978173;0.2547534;86.25
26-12-2025 14:20:36;0.266426875;0.2978173;0.2547534;89.46
26-12-2025 15:20:36;0.284129175;0.2978173;0.2547534;95.4
26-12-2025 16:20:37;0.2926869;0.2978173;0.2547534;98.28
26-12-2025 17:20:37;0.2978173;0.2978173;0.2547534;100.0
26-12-2025 18:20:38;0.295188575;0.2978173;0.2547534;99.12
26-12-2025 19:20:38;0.294396025;0.2978173;0.2547534;98.85
26-12-2025 20:20:38;0.29068435;0.2978173;0.2547534;97.6
26-12-2025 21:20:39;0.28822805;0.2978173;0.2547534;96.78
26-12-2025 22:20:39;0.285314975;0.2978173;0.2547534;95.8
26-12-2025 23:20:40;0.275495825;0.2978173;0.2547534;92.5
27-12-2025 00:20:40;0.272876175;0.285635625;0.2464891;95.53
27-12-2025 01:20:40;0.267047;0.285635625;0.2464891;93.49
27-12-2025 02:20:41;0.258422725;0.285635625;0.2464891;90.47
27-12-2025 03:20:41;0.2545961;0.285635625;0.2464891;89.13
27-12-2025 04:20:42;0.255506625;0.285635625;0.2464891;89.45
27-12-2025 05:20:42;0.254720125;0.285635625;0.2464891;89.18
27-12-2025 06:20:43;0.25963575;0.285635625;0.2464891;90.9
27-12-2025 07:20:43;0.272004975;0.285635625;0.2464891;95.23
27-12-2025 08:20:44;0.277589125;0.285635625;0.2464891;97.18
27-12-2025 09:20:44;0.269209875;0.285635625;0.2464891;94.25
27-12-2025 10:20:44;0.253098725;0.285635625;0.2464891;88.61
27-12-2025 11:20:45;0.24712435;0.285635625;0.2464891;86.52
27-12-2025 12:20:45;0.2464891;0.285635625;0.2464891;86.29
27-12-2025 13:20:46;0.255125475;0.285635625;0.2464891;89.32
27-12-2025 14:20:46;0.26148705;0.285635625;0.2464891;91.55
27-12-2025 15:20:46;0.2667445;0.285635625;0.2464891;93.39
27-12-2025 16:20:47;0.2776224;0.285635625;0.2464891;97.19
27-12-2025 17:20:47;0.282211325;0.285635625;0.2464891;98.8
27-12-2025 18:20:48;0.285635625;0.285635625;0.2464891;100.0
27-12-2025 19:20:48;0.282640875;0.285635625;0.2464891;98.95
27-12-2025 20:20:49;0.278847525;0.285635625;0.2464891;97.62
27-12-2025 21:20:49;0.2690314;0.285635625;0.2464891;94.19
27-12-2025 22:20:49;0.270619525;0.285635625;0.2464891;94.74
27-12-2025 23:20:50;0.2655224;0.285635625;0.2464891;92.96
28-12-2025 00:20:50;0.2590126;0.2958934;0.25091165;87.54
28-12-2025 01:20:51;0.257751175;0.2958934;0.25091165;87.11
28-12-2025 02:20:51;0.253132;0.2958934;0.25091165;85.55
28-12-2025 03:20:52;0.25091165;0.2958934;0.25091165;84.8
28-12-2025 04:20:52;0.25180705;0.2958934;0.25091165;85.1
28-12-2025 05:20:52;0.255343275;0.2958934;0.25091165;86.3
28-12-2025 06:20:53;0.2589642;0.2958934;0.25091165;87.52
28-12-2025 07:20:53;0.26476615;0.2958934;0.25091165;89.48
28-12-2025 08:20:54;0.2716934;0.2958934;0.25091165;91.82
28-12-2025 09:20:54;0.2709916;0.2958934;0.25091165;91.58
28-12-2025 10:20:54;0.26419745;0.2958934;0.25091165;89.29
28-12-2025 11:20:55;0.263668075;0.2958934;0.25091165;89.11
28-12-2025 12:20:55;0.253570625;0.2958934;0.25091165;85.7
28-12-2025 13:20:56;0.25357365;0.2958934;0.25091165;85.7
28-12-2025 14:20:56;0.260395025;0.2958934;0.25091165;88.0
28-12-2025 15:20:56;0.275737825;0.2958934;0.25091165;93.19
28-12-2025 16:20:57;0.2876896;0.2958934;0.25091165;97.23
28-12-2025 17:20:57;0.291788475;0.2958934;0.25091165;98.61
28-12-2025 18:20:58;0.2958934;0.2958934;0.25091165;100.0
28-12-2025 19:20:58;0.294456525;0.2958934;0.25091165;99.51
28-12-2025 20:20:59;0.2838055;0.2958934;0.25091165;95.91
28-12-2025 21:20:59;0.276566675;0.2958934;0.25091165;93.47
28-12-2025 22:20:59;0.275665225;0.2958934;0.25091165;93.16
28-12-2025 23:21:00;0.2754081;0.2958934;0.25091165;93.08
29-12-2025 00:21:00;0.2687047;0.294535175;0.2561933;91.23
29-12-2025 01:21:01;0.270667925;0.294535175;0.2561933;91.9
29-12-2025 02:21:01;0.261066575;0.294535175;0.2561933;88.64
29-12-2025 03:21:01;0.2561933;0.294535175;0.2561933;86.98
29-12-2025 04:21:02;0.257944775;0.294535175;0.2561933;87.58
29-12-2025 05:21:02;0.266602325;0.294535175;0.2561933;90.52
29-12-2025 06:21:03;0.273305725;0.294535175;0.2561933;92.79
29-12-2025 07:21:03;0.283415275;0.294535175;0.2561933;96.22
29-12-2025 08:21:04;0.294535175;0.294535175;0.2561933;100.0
29-12-2025 09:21:04;0.29104735;0.294535175;0.2561933;98.82
29-12-2025 10:21:04;0.2825834;0.294535175;0.2561933;95.94
29-12-2025 11:21:05;0.27455505;0.294535175;0.2561933;93.22
29-12-2025 12:21:05;0.273838125;0.294535175;0.2561933;92.97
29-12-2025 13:21:06;0.272410325;0.294535175;0.2561933;92.49
29-12-2025 14:21:06;0.2730728;0.294535175;0.2561933;92.71
29-12-2025 15:21:07;0.28070185;0.294535175;0.2561933;95.3
29-12-2025 16:21:07;0.286210375;0.294535175;0.2561933;97.17
29-12-2025 17:21:07;0.2860561;0.294535175;0.2561933;97.12
29-12-2025 18:21:08;0.28279515;0.294535175;0.2561933;96.01
29-12-2025 19:21:08;0.2735084;0.294535175;0.2561933;92.86
29-12-2025 20:21:09;0.267243625;0.294535175;0.2561933;90.73
29-12-2025 21:21:09;0.2586133;0.294535175;0.2561933;87.8
29-12-2025 22:21:09;0.2634654;0.294535175;0.2561933;89.45
29-12-2025 23:21:10;0.2576453;0.294535175;0.2561933;87.48
30-12-2025 00:21:10;0.251096175;0.288727175;0.24004585;86.97
30-12-2025 01:21:11;0.2455574;0.288727175;0.24004585;85.05
30-12-2025 02:21:11;0.244084225;0.288727175;0.24004585;84.54
30-12-2025 03:21:12;0.240907975;0.288727175;0.24004585;83.44
30-12-2025 04:21:12;0.24004585;0.288727175;0.24004585;83.14
30-12-2025 05:21:12;0.24422035;0.288727175;0.24004585;84.59
30-12-2025 06:21:13;0.253776325;0.288727175;0.24004585;87.89
30-12-2025 07:21:13;0.2633081;0.288727175;0.24004585;91.2
30-12-2025 08:21:14;0.271545175;0.288727175;0.24004585;94.05
30-12-2025 09:21:14;0.270958325;0.288727175;0.24004585;93.85
30-12-2025 10:21:14;0.2605856;0.288727175;0.24004585;90.25
30-12-2025 11:21:15;0.2527932;0.288727175;0.24004585;87.55
30-12-2025 12:21:15;0.24889095;0.288727175;0.24004585;86.2
30-12-2025 13:21:16;0.2489575;0.288727175;0.24004585;86.23
30-12-2025 14:21:16;0.2614447;0.288727175;0.24004585;90.55
30-12-2025 15:21:17;0.275759;0.288727175;0.24004585;95.51
30-12-2025 16:21:17;0.284879375;0.288727175;0.24004585;98.67
30-12-2025 17:21:17;0.288727175;0.288727175;0.24004585;100.0
30-12-2025 18:21:18;0.2880284;0.288727175;0.24004585;99.76
30-12-2025 19:21:18;0.284570825;0.288727175;0.24004585;98.56
30-12-2025 20:21:19;0.27852385;0.288727175;0.24004585;96.47
30-12-2025 21:21:19;0.26926735;0.288727175;0.24004585;93.26
30-12-2025 22:21:20;0.268136;0.288727175;0.24004585;92.87
30-12-2025 23:21:20;0.260570475;0.288727175;0.24004585;90.25
31-12-2025 00:21:20;0.263347425;0.290735775;0.244598475;90.58
31-12-2025 01:21:21;0.258815975;0.290735775;0.244598475;89.02
31-12-2025 02:21:21;0.253800525;0.290735775;0.244598475;87.3
31-12-2025 03:21:22;0.2494052;0.290735775;0.244598475;85.78
31-12-2025 04:21:22;0.247411725;0.290735775;0.244598475;85.1
31-12-2025 05:21:22;0.250370175;0.290735775;0.244598475;86.12
31-12-2025 06:21:23;0.2559755;0.290735775;0.244598475;88.04
31-12-2025 07:21:23;0.259983625;0.290735775;0.244598475;89.42
31-12-2025 08:21:46;0.27266745;0.290735775;0.244598475;93.79
31-12-2025 09:21:46;0.27848755;0.290735775;0.244598475;95.79
31-12-2025 10:21:47;0.266275625;0.290735775;0.244598475;91.59
31-12-2025 11:21:47;0.2577542;0.290735775;0.244598475;88.66
31-12-2025 12:21:47;0.257230875;0.290735775;0.244598475;88.48
31-12-2025 13:21:48;0.2597991;0.290735775;0.244598475;89.36
31-12-2025 14:21:48;0.26056745;0.290735775;0.244598475;89.62
31-12-2025 15:21:49;0.268350775;0.290735775;0.244598475;92.3
31-12-2025 16:21:49;0.28036305;0.290735775;0.244598475;96.43
31-12-2025 17:21:50;0.290735775;0.290735775;0.244598475;100.0
31-12-2025 18:21:50;0.286851675;0.290735775;0.244598475;98.66
31-12-2025 19:21:50;0.2729276;0.290735775;0.244598475;93.87
31-12-2025 20:21:51;0.257170375;0.290735775;0.244598475;88.46
31-12-2025 21:21:51;0.252759925;0.290735775;0.244598475;86.94
31-12-2025 22:21:52;0.256020875;0.290735775;0.244598475;88.06
31-12-2025 23:21:52;0.244598475;0.290735775;0.244598475;84.13
01-01-2026 00:21:52;0.233508825;0.248301075;0.151976;94.04
01-01-2026 01:21:53;0.223332725;0.248301075;0.151976;89.94
01-01-2026 02:21:53;0.211632025;0.248301075;0.151976;85.23
01-01-2026 04:22:20;0.17488735;0.248301075;0.151976;70.43
01-01-2026 05:22:21;0.16779675;0.248301075;0.151976;67.58
01-01-2026 06:22:21;0.151976;0.248301075;0.151976;61.21
01-01-2026 07:22:22;0.1628781;0.248301075;0.151976;65.6
01-01-2026 08:22:22;0.17025305;0.248301075;0.151976;68.57
01-01-2026 09:22:23;0.1815121;0.248301075;0.151976;73.1
01-01-2026 10:22:23;0.17838425;0.248301075;0.151976;71.84
01-01-2026 11:22:24;0.1870781;0.248301075;0.151976;75.34
01-01-2026 12:22:24;0.206852525;0.248301075;0.151976;83.31
01-01-2026 13:22:25;0.1973268;0.248301075;0.151976;79.47
01-01-2026 14:22:25;0.19047215;0.248301075;0.151976;76.71
01-01-2026 15:22:26;0.211039125;0.248301075;0.151976;84.99
01-01-2026 16:22:26;0.229146775;0.248301075;0.151976;92.29
01-01-2026 17:22:26;0.248301075;0.248301075;0.151976;100.0
01-01-2026 18:22:27;0.2390597;0.248301075;0.151976;96.28
01-01-2026 19:22:27;0.2340261;0.248301075;0.151976;94.25
01-01-2026 20:22:28;0.226490825;0.248301075;0.151976;91.22
01-01-2026 21:22:28;0.2187801;0.248301075;0.151976;88.11
01-01-2026 22:22:29;0.21951215;0.248301075;0.151976;88.41
01-01-2026 23:22:29;0.202550975;0.248301075;0.151976;81.57
02-01-2026 00:22:29;0.1787291;0.279162125;0.155397275;64.02
02-01-2026 01:22:30;0.16484435;0.279162125;0.155397275;59.05
02-01-2026 02:22:30;0.16287205;0.279162125;0.155397275;58.34
02-01-2026 03:22:31;0.155397275;0.279162125;0.155397275;55.67
02-01-2026 04:22:31;0.156831125;0.279162125;0.155397275;56.18
02-01-2026 05:22:31;0.16354965;0.279162125;0.155397275;58.59
02-01-2026 06:22:32;0.18084055;0.279162125;0.155397275;64.78
02-01-2026 07:22:32;0.20971115;0.279162125;0.155397275;75.12
02-01-2026 08:22:33;0.23797675;0.279162125;0.155397275;85.25
02-01-2026 10:24:19;0.230641125;0.279162125;0.155397275;82.62
02-01-2026 11:24:19;0.2260522;0.279162125;0.155397275;80.98
02-01-2026 12:24:19;0.214911125;0.279162125;0.155397275;76.98
02-01-2026 13:24:20;0.22765545;0.279162125;0.155397275;81.55
02-01-2026 14:24:20;0.231917675;0.279162125;0.155397275;83.08
02-01-2026 15:24:21;0.242160325;0.279162125;0.155397275;86.75
02-01-2026 16:24:21;0.248881875;0.279162125;0.155397275;89.15
02-01-2026 17:24:22;0.27551095;0.279162125;0.155397275;98.69
02-01-2026 18:24:22;0.279162125;0.279162125;0.155397275;100.0
02-01-2026 19:24:22;0.2706891;0.279162125;0.155397275;96.96
02-01-2026 20:24:23;0.25448115;0.279162125;0.155397275;91.16
02-01-2026 21:24:23;0.247157625;0.279162125;0.155397275;88.54
02-01-2026 22:24:24;0.2489333;0.279162125;0.155397275;89.17
02-01-2026 23:24:24;0.243775675;0.279162125;0.155397275;87.32
03-01-2026 00:24:25;0.2426171;0.278647875;0.23329405;87.07
03-01-2026 01:24:25;0.239570925;0.278647875;0.23329405;85.98
03-01-2026 02:24:25;0.2366518;0.278647875;0.23329405;84.93
03-01-2026 03:24:26;0.235481125;0.278647875;0.23329405;84.51
03-01-2026 04:24:26;0.23329405;0.278647875;0.23329405;83.72
03-01-2026 05:24:27;0.235523475;0.278647875;0.23329405;84.52
03-01-2026 06:24:27;0.236775825;0.278647875;0.23329405;84.97
03-01-2026 07:24:27;0.24077185;0.278647875;0.23329405;86.41
03-01-2026 08:24:28;0.254463;0.278647875;0.23329405;91.32
03-01-2026 09:24:28;0.258577;0.278647875;0.23329405;92.8
