datumtijd;windsnelheid;bewolking;daglengte
2025-10-17 17:31:58;3.13;Zwaar bewolkt;10:36:00
2025-10-17 18:31:58;2.43;Geheel bewolkt;10:36:00
2025-10-17 19:31:59;2.06;Geheel bewolkt;10:36:00
2025-10-17 20:31:59;1.67;Geheel bewolkt;10:36:00
2025-10-17 21:32:00;1.01;Geheel bewolkt;10:36:00
2025-10-17 22:32:00;1.19;Bewolkt;10:36:00
2025-10-17 23:32:01;0.63;Geheel bewolkt;10:36:00
2025-10-18 00:32:01;2.45;Geheel bewolkt;10:32:00
2025-10-18 01:32:02;0.82;Geheel bewolkt;10:32:00
2025-10-18 02:32:02;0.1;Geheel bewolkt;10:32:00
2025-10-18 03:32:02;1.58;Geheel bewolkt;10:32:00
2025-10-18 04:32:03;1.95;Geheel bewolkt;10:32:00
2025-10-18 05:32:03;1.34;Geheel bewolkt;10:32:00
2025-10-18 06:32:04;1.69;Geheel bewolkt;10:32:00
2025-10-18 07:32:04;1.83;Geheel bewolkt;10:32:00
2025-10-18 08:32:05;1.75;Geheel bewolkt;10:32:00
2025-10-18 09:32:05;1.81;Geheel bewolkt;10:32:00
2025-10-18 10:32:06;2.7;Geheel bewolkt;10:32:00
2025-10-18 11:32:06;3.58;Geheel bewolkt;10:32:00
2025-10-19 15:11:05;4.84;Licht bewolkt;10:28:00
2025-10-19 16:11:05;5.46;Licht bewolkt;10:28:00
2025-10-19 17:11:06;4.8;Licht bewolkt;10:28:00
2025-10-19 18:11:06;3.89;Licht bewolkt;10:28:00
2025-10-19 19:11:07;4.12;Geheel bewolkt;10:28:00
2025-10-19 20:11:07;3.81;Geheel bewolkt;10:28:00
2025-10-19 21:11:08;4.99;Bewolkt;10:28:00
2025-10-19 22:11:08;5.36;Bewolkt;10:28:00
2025-10-19 23:11:09;5.89;Geheel bewolkt;10:28:00
2025-10-20 00:11:09;5.73;Geheel bewolkt;10:25:00
2025-10-20 01:11:09;6.29;Geheel bewolkt;10:25:00
2025-10-20 02:11:10;5.73;Bewolkt;10:25:00
2025-10-20 03:11:10;5.5;Bewolkt;10:25:00
2025-10-20 04:11:11;4.92;Bewolkt;10:25:00
2025-10-20 05:11:11;4.72;Bewolkt;10:25:00
2025-10-20 06:11:12;4.2;Bewolkt;10:25:00
2025-10-20 07:11:12;4.1;Bewolkt;10:25:00
2025-10-20 08:11:13;3.71;Bewolkt;10:25:00
2025-10-20 09:11:13;3.05;Bewolkt;10:25:00
2025-10-20 10:11:14;4.2;Zwaar bewolkt;10:25:00
2025-10-20 11:11:14;4.66;Zwaar bewolkt;10:25:00
2025-10-20 12:11:14;4.88;Geheel bewolkt;10:25:00
2025-10-20 13:11:15;5.5;Geheel bewolkt;10:25:00
2025-10-20 14:11:15;6.84;Geheel bewolkt;10:25:00
2025-10-20 14:35:21;6.35;Geheel bewolkt;10:25:00
2025-10-20 15:35:21;7.32;Zwaar bewolkt;10:25:00
2025-10-20 16:35:22;6.2;Geheel bewolkt;10:25:00
2025-10-20 17:35:22;5.85;Geheel bewolkt;10:25:00
2025-10-20 18:35:23;4.53;Geheel bewolkt;10:25:00
2025-10-20 19:35:23;5.85;Bewolkt;10:25:00
2025-10-20 20:35:24;5.17;Geheel bewolkt;10:25:00
2025-10-20 21:35:24;6.18;Af en toe regen;10:25:00
2025-10-20 22:35:25;4.97;Bewolkt;10:25:00
2025-10-20 23:35:25;5.21;Bewolkt;10:25:00
2025-10-21 00:35:26;5.73;Bewolkt;10:21:00
2025-10-22 10:54:24;2.64;Onbewolkt;10:16:00
2025-10-22 10:56:39;2.53;Onbewolkt;10:16:00
2025-10-22 11:56:40;3.01;Onbewolkt;10:16:00
2025-10-22 12:56:40;3.63;Geheel bewolkt;10:16:00
2025-10-22 17:17:48;2.22;Bewolkt;10:16:00
2025-10-22 18:17:49;0.37;Bewolkt;10:16:00
2025-10-22 19:17:49;1.25;Licht bewolkt;10:16:00
2025-10-22 20:17:50;1.93;Geheel bewolkt;10:16:00
2025-10-22 21:17:50;2.55;Geheel bewolkt;10:16:00
2025-10-22 22:17:51;2.72;Zwaar bewolkt;10:16:00
2025-10-22 23:17:51;3.13;Geheel bewolkt;10:16:00
2025-10-23 00:17:52;3.34;Geheel bewolkt;10:12:00
2025-10-23 01:17:52;4.26;Geheel bewolkt;10:12:00
2025-10-23 02:17:53;5.11;Bewolkt;10:12:00
2025-10-23 03:17:53;5.34;Zware regen;10:12:00
2025-10-23 04:17:53;7.69;Zware regen;10:12:00
2025-10-23 05:17:54;5.54;Bewolkt;10:12:00
2025-10-23 06:17:54;5.23;Bewolkt;10:12:00
2025-10-23 07:17:55;8.25;Bewolkt;10:12:00
2025-10-23 08:17:55;6.45;Geheel bewolkt;10:12:00
2025-10-23 09:17:56;6.74;Bewolkt;10:12:00
2025-10-23 10:17:56;7.89;Bewolkt;10:12:00
2025-10-23 11:17:57;8.16;Zwaar bewolkt;10:12:00
2025-10-23 12:17:57;10.0;Half bewolkt;10:12:00
2025-10-23 13:17:58;7.63;Geheel bewolkt;10:12:00
2025-10-23 14:17:58;4.82;Bewolkt;10:12:00
2025-10-23 15:17:58;2.9;Bewolkt;10:12:00
2025-10-23 16:17:59;1.83;Bewolkt;10:12:00
2025-10-23 17:17:59;9.57;Af en toe regen;10:12:00
2025-10-23 18:18:00;11.44;Bewolkt;10:12:00
2025-10-23 19:18:00;12.21;Bewolkt;10:12:00
2025-10-23 20:18:01;13.77;Bewolkt;10:12:00
2025-10-23 21:18:01;12.97;Bewolkt;10:12:00
2025-10-23 22:18:02;12.99;Bewolkt;10:12:00
2025-10-23 23:18:02;12.25;Bewolkt;10:12:00
2025-10-24 00:18:03;11.83;Bewolkt;10:08:00
2025-10-24 01:18:03;13.28;Bewolkt;10:08:00
2025-10-24 02:18:04;12.82;Bewolkt;10:08:00
2025-10-24 03:18:04;12.49;Geheel bewolkt;10:08:00
2025-10-24 04:18:05;12.21;Geheel bewolkt;10:08:00
2025-10-24 05:18:05;11.36;Bewolkt;10:08:00
2025-10-24 06:18:06;10.62;Bewolkt;10:08:00
2025-10-24 07:18:06;11.71;Bewolkt;10:08:00
2025-10-24 08:18:06;10.58;Bewolkt;10:08:00
2025-10-24 09:18:07;10.27;Zwaar bewolkt;10:08:00
2025-10-24 10:18:07;10.76;Zwaar bewolkt;10:08:00
2025-10-24 11:18:08;9.65;Zwaar bewolkt;10:08:00
2025-10-24 12:18:08;10.7;Zwaar bewolkt;10:08:00
2025-10-24 13:18:09;10.62;Zwaar bewolkt;10:08:00
2025-10-24 14:18:09;10.89;Onbewolkt;10:08:00
2025-10-24 15:18:09;9.85;Zwaar bewolkt;10:08:00
2025-10-24 16:18:10;9.01;Zwaar bewolkt;10:08:00
2025-10-24 17:18:11;8.27;Bewolkt;10:08:00
2025-10-24 18:18:11;8.27;Zwaar bewolkt;10:08:00
2025-10-24 19:18:12;5.77;Zwaar bewolkt;10:08:00
2025-10-24 20:18:12;6.43;Bewolkt;10:08:00
2025-10-24 21:18:13;7.34;Bewolkt;10:08:00
2025-10-24 22:18:13;7.94;Bewolkt;10:08:00
2025-10-24 23:18:13;7.67;Bewolkt;10:08:00
2025-10-25 00:18:14;8.86;Bewolkt;10:05:00
2025-10-25 01:18:14;8.27;Bewolkt;10:05:00
2025-10-25 02:18:15;8.58;Bewolkt;10:05:00
2025-10-25 03:18:15;8.04;Bewolkt;10:05:00
2025-10-25 04:18:16;8.72;Bewolkt;10:05:00
2025-10-25 05:18:16;8.06;Bewolkt;10:05:00
2025-10-25 06:18:17;5.58;Bewolkt;10:05:00
2025-10-25 07:18:17;5.15;Bewolkt;10:05:00
2025-10-25 08:18:18;4.18;Bewolkt;10:05:00
2025-10-25 09:18:18;6.33;Bewolkt;10:05:00
2025-10-25 10:18:19;4.55;Bewolkt;10:05:00
2025-10-25 11:18:19;6.99;Af en toe regen;10:05:00
2025-10-25 12:18:20;8.74;Bewolkt;10:05:00
2025-10-25 13:18:20;10.06;Bewolkt;10:05:00
2025-10-25 14:18:20;8.86;Bewolkt;10:05:00
2025-10-25 15:18:21;8.82;Bewolkt;10:05:00
2025-10-25 16:18:21;8.08;Bewolkt;10:05:00
2025-10-25 17:18:22;9.28;Bewolkt;10:05:00
2025-10-25 18:18:22;8.49;Bewolkt;10:05:00
2025-10-25 19:18:23;7.94;Licht bewolkt;10:05:00
2025-10-25 20:18:23;6.6;Bewolkt;10:05:00
2025-10-25 21:18:24;6.82;Bewolkt;10:05:00
2025-10-25 22:18:24;7.01;Bewolkt;10:05:00
2025-10-25 23:18:25;6.74;Zwaar bewolkt;10:05:00
2025-10-26 00:18:25;5.17;Zwaar bewolkt;10:01:00
2025-10-26 01:18:26;7.23;Af en toe regen;10:01:00
2025-10-26 02:18:27;5.61;Zware regen;10:01:00
2025-10-26 03:18:27;9.63;Bewolkt;10:01:00
2025-10-26 04:18:28;10.18;Geheel bewolkt;10:01:00
2025-10-26 05:18:28;11.05;Bewolkt;10:01:00
2025-10-26 06:18:29;12.1;Bewolkt;10:01:00
2025-10-26 07:18:29;11.03;Bewolkt;10:01:00
2025-10-26 08:18:30;8.51;Bewolkt;10:01:00
2025-10-26 09:18:30;9.44;Bewolkt;10:01:00
2025-10-26 10:18:31;9.63;Af en toe regen;10:01:00
2025-10-26 11:18:31;10.78;Af en toe regen;10:01:00
2025-10-26 12:18:32;10.95;Bewolkt;10:01:00
2025-10-26 13:18:32;9.75;Geheel bewolkt;10:01:00
2025-10-26 14:18:33;10.06;Half bewolkt;10:01:00
2025-10-26 15:18:33;10.08;Geheel bewolkt;10:01:00
2025-10-26 16:18:33;7.3;Half bewolkt;10:01:00
2025-10-26 17:18:34;7.87;Geheel bewolkt;10:01:00
2025-10-26 18:18:34;8.49;Geheel bewolkt;10:01:00
2025-10-26 19:18:35;8.04;Bewolkt;10:01:00
2025-10-26 20:18:35;9.73;Bewolkt;10:01:00
2025-10-26 21:18:36;10.35;Bewolkt;10:01:00
2025-10-26 22:18:36;7.69;Bewolkt;10:01:00
2025-10-26 23:18:37;7.63;Bewolkt;10:01:00
2025-10-27 00:18:37;8.0;Bewolkt;9:57:00
2025-10-27 01:18:37;12.08;Bewolkt;9:57:00
2025-10-27 02:18:38;9.79;Bewolkt;9:57:00
2025-10-27 03:18:38;11.9;Zwaar bewolkt;9:57:00
2025-10-27 04:18:39;11.44;Bewolkt;9:57:00
2025-10-27 05:18:39;12.06;Zwaar bewolkt;9:57:00
2025-10-27 06:18:40;12.18;Zwaar bewolkt;9:57:00
2025-10-27 07:18:40;12.41;Geheel bewolkt;9:57:00
2025-10-27 08:18:40;11.46;Bewolkt;9:57:00
2025-10-27 09:18:41;11.94;Bewolkt;9:57:00
2025-10-27 10:18:41;10.99;Bewolkt;9:57:00
2025-10-27 11:18:42;10.53;Bewolkt;9:57:00
2025-10-27 12:18:42;6.64;Bewolkt;9:57:00
2025-10-27 13:18:43;10.35;Bewolkt;9:57:00
2025-10-27 14:18:43;8.55;Bewolkt;9:57:00
2025-10-27 15:18:44;9.54;Bewolkt;9:57:00
2025-10-27 16:18:44;7.75;Bewolkt;9:57:00
2025-10-27 17:18:45;7.73;Bewolkt;9:57:00
2025-10-27 18:18:45;7.48;Licht bewolkt;9:57:00
2025-10-27 19:18:46;9.5;Half bewolkt;9:57:00
2025-10-27 20:18:46;6.84;Bewolkt;9:57:00
2025-10-27 21:18:47;6.6;Zwaar bewolkt;9:57:00
2025-10-27 22:18:47;6.78;Onbewolkt;9:57:00
2025-10-27 23:18:47;5.5;Licht bewolkt;9:57:00
2025-10-28 00:18:48;3.48;Zwaar bewolkt;9:53:00
2025-10-28 01:18:48;6.66;Geheel bewolkt;9:53:00
2025-10-28 02:18:49;5.48;Bewolkt;9:53:00
2025-10-28 03:18:49;5.3;Bewolkt;9:53:00
2025-10-28 04:18:50;4.88;Bewolkt;9:53:00
2025-10-28 05:18:50;5.81;Bewolkt;9:53:00
2025-10-28 06:18:51;7.73;Bewolkt;9:53:00
2025-10-28 07:18:51;9.59;Bewolkt;9:53:00
2025-10-28 08:18:51;9.57;Bewolkt;9:53:00
2025-10-28 09:18:52;10.25;Bewolkt;9:53:00
2025-10-28 10:18:53;8.84;Bewolkt;9:53:00
2025-10-28 11:18:53;9.21;Bewolkt;9:53:00
2025-10-28 12:18:54;9.32;Licht bewolkt;9:53:00
2025-10-28 13:18:54;9.5;Zwaar bewolkt;9:53:00
2025-10-28 14:18:54;9.94;Half bewolkt;9:53:00
2025-10-28 15:18:55;8.27;Half bewolkt;9:53:00
2025-10-28 16:18:55;8.78;Zwaar bewolkt;9:53:00
2025-10-28 17:18:56;7.56;Bewolkt;9:53:00
2025-10-28 18:18:56;7.13;Bewolkt;9:53:00
2025-10-28 19:18:57;6.14;Bewolkt;9:53:00
2025-10-28 20:18:57;6.9;Bewolkt;9:53:00
2025-10-28 21:18:58;7.07;Bewolkt;9:53:00
2025-10-28 22:18:58;6.66;Zwaar bewolkt;9:53:00
2025-10-28 23:18:59;4.68;Zwaar bewolkt;9:53:00
2025-10-29 00:18:59;5.21;Bewolkt;9:50:00
2025-10-29 01:19:00;2.7;Onbewolkt;9:50:00
2025-10-29 02:19:00;4.41;Geheel bewolkt;9:50:00
2025-10-29 03:19:01;3.46;Geheel bewolkt;9:50:00
2025-10-29 04:19:01;4.95;Geheel bewolkt;9:50:00
2025-10-29 05:19:02;4.7;Geheel bewolkt;9:50:00
2025-10-29 06:19:02;5.71;Bewolkt;9:50:00
2025-10-29 07:19:02;5.38;Bewolkt;9:50:00
2025-10-29 08:19:03;6.41;Geheel bewolkt;9:50:00
2025-10-29 09:19:03;6.06;Geheel bewolkt;9:50:00
2025-10-29 10:19:04;6.02;Geheel bewolkt;9:50:00
2025-10-29 11:19:04;6.27;Licht bewolkt;9:50:00
2025-10-29 12:19:05;6.62;Geheel bewolkt;9:50:00
2025-10-29 13:19:05;6.45;Geheel bewolkt;9:50:00
2025-10-29 14:19:06;4.45;Geheel bewolkt;9:50:00
2025-10-29 15:19:06;5.63;Geheel bewolkt;9:50:00
2025-10-29 16:19:06;4.2;Geheel bewolkt;9:50:00
2025-10-29 17:19:07;4.08;Geheel bewolkt;9:50:00
2025-10-29 18:19:08;2.82;Bewolkt;9:50:00
2025-10-29 19:19:08;1.17;Bewolkt;9:50:00
2025-10-29 20:19:08;0.86;Bewolkt;9:50:00
2025-10-29 21:19:09;2.28;Bewolkt;9:50:00
2025-10-29 22:19:09;2.1;Bewolkt;9:50:00
2025-10-29 23:19:10;2.72;Bewolkt;9:50:00
2025-10-30 00:19:10;3.4;Bewolkt;9:47:00
2025-10-30 01:19:10;5.4;Bewolkt;9:47:00
2025-10-30 02:19:11;5.48;Bewolkt;9:47:00
2025-10-30 04:20:28;7.73;Licht bewolkt;9:47:00
2025-10-30 05:20:28;6.57;Half bewolkt;9:47:00
2025-10-30 06:20:29;6.33;Half bewolkt;9:47:00
2025-10-30 07:20:29;5.5;Licht bewolkt;9:47:00
2025-10-30 08:20:29;5.5;Zwaar bewolkt;9:47:00
2025-10-30 09:20:36;6.31;Zwaar bewolkt;9:47:00
2025-10-30 10:20:37;6.24;Zwaar bewolkt;9:47:00
2025-10-30 11:20:37;6.72;Zwaar bewolkt;9:47:00
2025-10-30 12:20:38;5.85;Geheel bewolkt;9:47:00
2025-10-30 13:21:29;6.7;Half bewolkt;9:47:00
2025-10-30 14:21:29;5.01;Licht bewolkt;9:47:00
2025-10-30 15:21:30;5.25;Half bewolkt;9:47:00
2025-10-30 16:21:30;4.7;Licht bewolkt;9:47:00
2025-10-30 17:21:31;2.33;Licht bewolkt;9:47:00
2025-10-30 18:21:31;1.65;Geheel bewolkt;9:47:00
2025-10-30 19:21:32;2.24;Licht bewolkt;9:47:00
2025-10-30 20:21:32;3.13;Onbewolkt;9:47:00
2025-10-30 21:21:32;2.88;Geheel bewolkt;9:47:00
2025-10-30 22:21:33;3.27;Half bewolkt;9:47:00
2025-10-30 23:21:33;3.56;Geheel bewolkt;9:47:00
2025-10-31 00:21:34;3.69;Geheel bewolkt;9:43:00
2025-10-31 01:21:34;3.69;Licht bewolkt;9:43:00
2025-10-31 02:21:34;3.58;Licht bewolkt;9:43:00
2025-10-31 03:21:35;3.65;Licht bewolkt;9:43:00
2025-10-31 04:21:35;4.2;Licht bewolkt;9:43:00
2025-10-31 05:21:36;4.22;Licht bewolkt;9:43:00
2025-10-31 06:21:36;4.47;Licht bewolkt;9:43:00
2025-10-31 07:21:36;3.87;Licht bewolkt;9:43:00
2025-10-31 08:21:37;4.22;Licht bewolkt;9:43:00
2025-10-31 10:22:56;4.64;Licht bewolkt;9:43:00
2025-10-31 11:22:57;4.62;Geheel bewolkt;9:43:00
2025-10-31 12:22:57;5.07;Geheel bewolkt;9:43:00
2025-10-31 13:22:58;4.64;Geheel bewolkt;9:43:00
2025-10-31 14:22:58;4.84;Onbewolkt;9:43:00
2025-10-31 15:22:58;5.77;Geheel bewolkt;9:43:00
2025-10-31 16:22:59;5.94;Zwaar bewolkt;9:43:00
2025-10-31 17:22:59;4.47;Geheel bewolkt;9:43:00
2025-10-31 18:23:01;4.8;Geheel bewolkt;9:43:00
2025-10-31 19:23:01;4.35;Bewolkt;9:43:00
2025-10-31 20:23:01;4.49;Zwaar bewolkt;9:43:00
2025-10-31 21:23:02;5.28;Onbewolkt;9:43:00
2025-10-31 22:23:02;4.47;Onbewolkt;9:43:00
2025-10-31 23:23:03;5.23;Onbewolkt;9:43:00
2025-11-01 00:23:03;4.51;Onbewolkt;9:39:00
2025-11-01 01:23:04;5.07;Onbewolkt;9:39:00
2025-11-01 02:23:04;4.8;Zwaar bewolkt;9:39:00
2025-11-01 03:23:04;4.9;Geheel bewolkt;9:39:00
2025-11-01 04:23:05;5.52;Licht bewolkt;9:39:00
2025-11-01 05:23:05;5.81;Bewolkt;9:39:00
2025-11-01 07:24:21;4.88;Bewolkt;9:39:00
2025-11-01 08:24:21;4.55;Bewolkt;9:39:00
2025-11-01 09:24:22;5.44;Bewolkt;9:39:00
2025-11-01 10:24:22;5.25;Bewolkt;9:39:00
2025-11-01 11:24:22;5.15;Bewolkt;9:39:00
2025-11-01 12:24:23;5.5;Bewolkt;9:39:00
2025-11-01 13:24:23;5.34;Bewolkt;9:39:00
2025-11-01 14:24:24;5.61;Bewolkt;9:39:00
2025-11-01 15:24:24;5.65;Bewolkt;9:39:00
2025-11-01 16:24:25;6.45;Half bewolkt;9:39:00
2025-11-01 17:24:25;5.58;Half bewolkt;9:39:00
2025-11-01 18:24:26;4.97;Onbewolkt;9:39:00
2025-11-01 19:24:26;5.17;Onbewolkt;9:39:00
2025-11-01 20:24:26;5.13;Onbewolkt;9:39:00
2025-11-01 21:24:27;5.42;Onbewolkt;9:39:00
2025-11-01 22:24:27;5.32;Onbewolkt;9:39:00
2025-11-01 23:24:28;4.8;Bewolkt;9:39:00
2025-11-02 00:24:28;6.55;Bewolkt;9:35:00
2025-11-02 01:24:29;4.92;Bewolkt;9:35:00
2025-11-02 02:24:29;4.66;Geheel bewolkt;9:35:00
2025-11-02 03:24:30;4.66;Zwaar bewolkt;9:35:00
2025-11-02 04:24:30;4.12;Zwaar bewolkt;9:35:00
2025-11-02 05:24:42;2.41;Geheel bewolkt;9:35:00
2025-11-02 06:24:43;3.15;Licht bewolkt;9:35:00
2025-11-02 08:26:21;3.27;Licht bewolkt;9:35:00
2025-11-02 09:26:22;3.96;Onbewolkt;9:35:00
2025-11-02 09:51:45;3.63;Geheel bewolkt;9:35:00
2025-11-02 10:51:45;5.69;Geheel bewolkt;9:35:00
2025-11-02 11:51:46;5.38;Zwaar bewolkt;9:35:00
2025-11-02 12:51:46;6.2;Licht bewolkt;9:35:00
2025-11-02 13:51:46;7.17;Geheel bewolkt;9:35:00
2025-11-02 14:51:55;4.84;Geheel bewolkt;9:35:00
2025-11-02 15:51:56;6.57;Bewolkt;9:35:00
2025-11-02 16:51:56;3.65;Bewolkt;9:35:00
2025-11-02 17:51:57;4.74;Bewolkt;9:35:00
2025-11-02 18:51:57;5.85;Zwaar bewolkt;9:35:00
2025-11-02 19:51:58;6.47;Licht bewolkt;9:35:00
2025-11-02 20:51:58;6.12;Bewolkt;9:35:00
2025-11-02 21:51:58;4.33;Half bewolkt;9:35:00
2025-11-02 22:51:59;2.35;Licht bewolkt;9:35:00
2025-11-02 23:51:59;3.69;Licht bewolkt;9:35:00
2025-11-03 00:52:00;2.86;Licht bewolkt;9:31:00
2025-11-03 01:52:00;2.59;Half bewolkt;9:31:00
2025-11-03 02:52:00;3.03;Zwaar bewolkt;9:31:00
2025-11-03 03:52:01;3.54;Licht bewolkt;9:31:00
2025-11-03 04:52:01;4.26;Bewolkt;9:31:00
2025-11-03 05:52:02;4.24;Licht bewolkt;9:31:00
2025-11-03 06:52:02;3.63;Licht bewolkt;9:31:00
2025-11-03 07:52:02;6.06;Onbewolkt;9:31:00
2025-11-03 08:52:03;5.25;Geheel bewolkt;9:31:00
2025-11-03 09:52:03;5.71;Geheel bewolkt;9:31:00
2025-11-03 10:52:04;7.05;Bewolkt;9:31:00
2025-11-03 11:52:04;8.25;Bewolkt;9:31:00
2025-11-03 12:52:05;8.51;Geheel bewolkt;9:31:00
2025-11-03 13:52:05;8.7;Geheel bewolkt;9:31:00
2025-11-03 14:52:06;8.68;Geheel bewolkt;9:31:00
2025-11-03 15:52:06;8.2;Geheel bewolkt;9:31:00
2025-11-03 16:52:07;7.01;Geheel bewolkt;9:31:00
2025-11-03 17:52:07;6.51;Geheel bewolkt;9:31:00
2025-11-03 18:52:07;7.42;Bewolkt;9:31:00
2025-11-03 19:52:08;6.45;Geheel bewolkt;9:31:00
2025-11-03 20:52:08;7.03;Bewolkt;9:31:00
2025-11-03 21:52:09;7.23;Bewolkt;9:31:00
2025-11-03 22:52:09;8.45;Geheel bewolkt;9:31:00
2025-11-03 23:52:10;8.95;Zwaar bewolkt;9:31:00
2025-11-04 00:52:10;6.97;Zwaar bewolkt;9:28:00
2025-11-04 01:52:10;6.66;Half bewolkt;9:28:00
2025-11-04 02:52:11;7.19;Geheel bewolkt;9:28:00
2025-11-04 03:52:11;6.43;Zwaar bewolkt;9:28:00
2025-11-04 04:52:12;5.17;Geheel bewolkt;9:28:00
2025-11-04 05:52:12;4.72;Geheel bewolkt;9:28:00
2025-11-04 06:52:12;4.2;Geheel bewolkt;9:28:00
2025-11-04 07:52:13;5.73;Geheel bewolkt;9:28:00
2025-11-04 08:52:13;5.58;Geheel bewolkt;9:28:00
2025-11-04 09:52:14;4.88;Geheel bewolkt;9:28:00
2025-11-04 10:52:14;5.56;Geheel bewolkt;9:28:00
2025-11-04 11:52:14;5.91;Licht bewolkt;9:28:00
2025-11-04 12:52:15;8.08;Onbewolkt;9:28:00
2025-11-04 13:52:15;7.05;Licht bewolkt;9:28:00
2025-11-04 14:52:16;7.81;Geheel bewolkt;9:28:00
2025-11-04 15:52:16;5.23;Geheel bewolkt;9:28:00
2025-11-04 16:52:17;5.19;Geheel bewolkt;9:28:00
2025-11-04 17:52:17;4.9;Geheel bewolkt;9:28:00
2025-11-04 18:52:17;4.55;Half bewolkt;9:28:00
2025-11-04 19:52:18;4.9;Zwaar bewolkt;9:28:00
2025-11-04 20:52:18;6.0;Geheel bewolkt;9:28:00
2025-11-04 21:52:19;5.11;Geheel bewolkt;9:28:00
2025-11-04 22:52:19;5.75;Geheel bewolkt;9:28:00
2025-11-04 23:52:20;5.11;Geheel bewolkt;9:28:00
2025-11-05 00:52:20;4.02;Licht bewolkt;9:25:00
2025-11-05 01:52:20;3.77;Geheel bewolkt;9:25:00
2025-11-05 02:52:21;4.92;Geheel bewolkt;9:25:00
2025-11-05 03:52:21;4.82;Zwaar bewolkt;9:25:00
2025-11-05 04:52:22;4.68;Geheel bewolkt;9:25:00
2025-11-05 05:52:22;4.78;Geheel bewolkt;9:25:00
2025-11-05 06:52:23;4.84;Geheel bewolkt;9:25:00
2025-11-05 07:52:23;4.53;Half bewolkt;9:25:00
2025-11-05 08:52:23;3.69;Licht bewolkt;9:25:00
2025-11-05 09:52:24;5.17;Onbewolkt;9:25:00
2025-11-05 10:52:24;4.78;Geheel bewolkt;9:25:00
2025-11-05 11:52:25;5.4;Geheel bewolkt;9:25:00
2025-11-05 12:52:25;5.4;Licht bewolkt;9:25:00
2025-11-05 13:52:26;4.35;Geheel bewolkt;9:25:00
2025-11-05 14:52:26;4.49;Licht bewolkt;9:25:00
2025-11-05 15:52:27;3.73;Licht bewolkt;9:25:00
2025-11-05 16:52:27;4.66;Geheel bewolkt;9:25:00
2025-11-05 17:52:27;4.76;Geheel bewolkt;9:25:00
2025-11-05 18:52:28;4.8;Geheel bewolkt;9:25:00
2025-11-05 19:52:28;5.4;Geheel bewolkt;9:25:00
2025-11-05 20:52:29;4.51;Geheel bewolkt;9:25:00
2025-11-05 21:52:29;3.98;Licht bewolkt;9:25:00
2025-11-05 22:52:30;3.65;Zwaar bewolkt;9:25:00
2025-11-05 23:52:30;3.09;Geheel bewolkt;9:25:00
2025-11-06 00:52:31;3.32;Geheel bewolkt;9:21:00
2025-11-06 01:52:31;3.58;Geheel bewolkt;9:21:00
2025-11-06 02:52:31;3.56;Geheel bewolkt;9:21:00
2025-11-06 03:52:32;4.29;Geheel bewolkt;9:21:00
2025-11-06 04:52:32;5.11;Licht bewolkt;9:21:00
2025-11-06 05:52:33;2.92;Licht bewolkt;9:21:00
2025-11-06 06:52:33;2.97;Licht bewolkt;9:21:00
2025-11-06 07:52:34;2.51;Onbewolkt;9:21:00
2025-11-06 08:52:34;3.13;Licht bewolkt;9:21:00
2025-11-06 09:52:34;1.5;Licht bewolkt;9:21:00
2025-11-06 10:52:35;3.5;Licht bewolkt;9:21:00
2025-11-06 11:52:35;3.03;Licht bewolkt;9:21:00
2025-11-06 12:52:36;2.99;Licht bewolkt;9:21:00
2025-11-06 13:52:36;2.78;Licht bewolkt;9:21:00
2025-11-06 14:52:37;3.25;Licht bewolkt;9:21:00
2025-11-06 15:52:37;3.34;Licht bewolkt;9:21:00
2025-11-06 16:52:37;2.7;Licht bewolkt;9:21:00
2025-11-06 17:52:38;1.58;Licht bewolkt;9:21:00
2025-11-06 18:52:38;1.87;Licht bewolkt;9:21:00
2025-11-06 19:52:39;1.15;Licht bewolkt;9:21:00
2025-11-06 20:52:39;1.21;Licht bewolkt;9:21:00
2025-11-06 21:52:40;1.89;Licht bewolkt;9:21:00
2025-11-06 22:52:40;1.13;Licht bewolkt;9:21:00
2025-11-06 23:52:40;0.88;Licht bewolkt;9:21:00
2025-11-07 00:52:41;1.23;Mist;9:17:00
2025-11-07 01:52:41;1.91;Mist;9:17:00
2025-11-07 02:52:42;2.22;Onbewolkt;9:17:00
2025-11-07 03:52:42;1.81;Mist;9:17:00
2025-11-07 04:52:43;1.79;Mist;9:17:00
2025-11-07 05:52:43;1.46;Mist;9:17:00
2025-11-07 06:52:43;0.8;Mist;9:17:00
2025-11-07 07:52:44;1.54;Mist;9:17:00
2025-11-07 08:52:44;0.88;Mist;9:17:00
2025-11-07 09:52:45;1.6;Mist;9:17:00
2025-11-07 10:52:45;1.77;Onbewolkt;9:17:00
2025-11-07 11:52:45;2.35;Licht bewolkt;9:17:00
2025-11-07 12:52:46;1.95;Onbewolkt;9:17:00
2025-11-07 13:52:46;3.3;Onbewolkt;9:17:00
2025-11-07 14:52:47;3.69;Onbewolkt;9:17:00
2025-11-07 15:52:47;3.96;Onbewolkt;9:17:00
2025-11-07 16:52:48;2.86;Onbewolkt;9:17:00
2025-11-07 17:52:48;2.18;Onbewolkt;9:17:00
2025-11-07 18:52:49;2.45;Onbewolkt;9:17:00
2025-11-07 19:52:49;1.05;Licht bewolkt;9:17:00
2025-11-07 20:52:49;0.94;Mist;9:17:00
2025-11-07 21:52:50;0.68;Mist;9:17:00
2025-11-07 22:52:50;0.92;Mist;9:17:00
2025-11-07 23:52:51;1.11;Mist;9:17:00
2025-11-08 00:52:51;0.92;Mist;9:14:00
2025-11-08 01:52:52;1.54;Mist;9:14:00
2025-11-08 02:52:52;0.57;Mist;9:14:00
2025-11-08 03:52:52;0.88;Mist;9:14:00
2025-11-08 04:52:53;1.34;Mist;9:14:00
2025-11-08 05:52:53;1.19;Mist;9:14:00
2025-11-08 06:52:54;1.21;Geheel bewolkt;9:14:00
2025-11-08 07:52:54;1.01;Geheel bewolkt;9:14:00
2025-11-08 08:52:55;0.78;Geheel bewolkt;9:14:00
2025-11-08 09:52:55;0.96;Zwaar bewolkt;9:14:00
2025-11-08 10:52:55;1.29;Onbewolkt;9:14:00
2025-11-08 11:52:56;1.32;Onbewolkt;9:14:00
2025-11-08 12:52:56;2.28;Onbewolkt;9:14:00
2025-11-08 13:52:57;0.72;Licht bewolkt;9:14:00
2025-11-08 14:52:57;3.25;Zwaar bewolkt;9:14:00
2025-11-08 15:52:58;2.16;Geheel bewolkt;9:14:00
2025-11-08 16:52:58;2.45;Geheel bewolkt;9:14:00
2025-11-08 17:52:58;2.41;Geheel bewolkt;9:14:00
2025-11-08 18:52:59;1.56;Geheel bewolkt;9:14:00
2025-11-08 19:52:59;0.59;Geheel bewolkt;9:14:00
2025-11-08 20:53:00;0.55;Half bewolkt;9:14:00
2025-11-08 21:53:00;1.48;Mist;9:14:00
2025-11-08 22:53:01;1.44;Zwaar bewolkt;9:14:00
2025-11-08 23:53:01;1.29;Geheel bewolkt;9:14:00
2025-11-09 00:53:02;2.26;Geheel bewolkt;9:11:00
2025-11-09 01:53:02;2.49;Geheel bewolkt;9:11:00
2025-11-09 02:53:02;2.53;Geheel bewolkt;9:11:00
2025-11-09 03:53:03;2.0;Geheel bewolkt;9:11:00
2025-11-09 04:53:03;1.32;Geheel bewolkt;9:11:00
2025-11-09 05:53:04;3.21;Geheel bewolkt;9:11:00
2025-11-09 06:53:04;2.33;Zwaar bewolkt;9:11:00
2025-11-09 07:53:05;2.64;Zwaar bewolkt;9:11:00
2025-11-09 08:53:05;2.2;Geheel bewolkt;9:11:00
2025-11-09 09:53:05;1.67;Licht bewolkt;9:11:00
2025-11-09 10:53:06;3.46;Licht bewolkt;9:11:00
2025-11-09 11:53:06;5.03;Licht bewolkt;9:11:00
2025-11-09 12:53:07;3.87;Onbewolkt;9:11:00
2025-11-09 13:53:07;4.16;Onbewolkt;9:11:00
2025-11-09 14:53:08;3.42;Licht bewolkt;9:11:00
2025-11-09 15:53:08;2.28;Onbewolkt;9:11:00
2025-11-09 16:53:08;3.17;Onbewolkt;9:11:00
2025-11-09 17:53:09;1.69;Onbewolkt;9:11:00
2025-11-09 18:53:09;1.23;Licht bewolkt;9:11:00
2025-11-09 19:53:10;1.38;Mist;9:11:00
2025-11-09 20:53:10;2.2;Onbewolkt;9:11:00
2025-11-09 21:53:11;2.88;Licht bewolkt;9:11:00
2025-11-09 22:53:11;3.48;Geheel bewolkt;9:11:00
2025-11-09 23:53:11;5.05;Geheel bewolkt;9:11:00
2025-11-10 00:53:12;3.79;Geheel bewolkt;9:07:00
2025-11-10 01:53:12;3.36;Licht bewolkt;9:07:00
2025-11-10 02:53:13;3.32;Licht bewolkt;9:07:00
2025-11-10 03:53:13;2.97;Licht bewolkt;9:07:00
2025-11-10 04:53:14;4.08;Geheel bewolkt;9:07:00
2025-11-10 05:53:14;4.35;Geheel bewolkt;9:07:00
2025-11-10 06:53:14;4.68;Geheel bewolkt;9:07:00
2025-11-10 07:53:15;3.77;Licht bewolkt;9:07:00
2025-11-10 08:53:15;4.06;Geheel bewolkt;9:07:00
2025-11-10 09:53:16;4.53;Geheel bewolkt;9:07:00
2025-11-10 10:53:16;4.66;Geheel bewolkt;9:07:00
2025-11-10 11:53:17;5.25;Geheel bewolkt;9:07:00
2025-11-10 12:53:17;5.4;Geheel bewolkt;9:07:00
2025-11-10 13:53:18;6.29;Geheel bewolkt;9:07:00
2025-11-10 14:53:18;6.43;Geheel bewolkt;9:07:00
2025-11-10 15:53:18;6.08;Geheel bewolkt;9:07:00
2025-11-10 16:53:19;5.63;Geheel bewolkt;9:07:00
2025-11-10 17:53:19;4.72;Geheel bewolkt;9:07:00
2025-11-10 18:53:20;6.2;Bewolkt;9:07:00
2025-11-10 19:53:20;7.46;Bewolkt;9:07:00
2025-11-10 20:53:21;4.26;Bewolkt;9:07:00
2025-11-10 21:53:21;5.01;Bewolkt;9:07:00
2025-11-10 22:53:21;5.38;Bewolkt;9:07:00
2025-11-10 23:53:22;5.17;Bewolkt;9:07:00
2025-11-11 00:53:22;6.41;Geheel bewolkt;9:04:00
2025-11-11 01:53:23;5.83;Zwaar bewolkt;9:04:00
2025-11-11 02:53:23;5.34;Half bewolkt;9:04:00
2025-11-11 03:53:24;4.59;Bewolkt;9:04:00
2025-11-11 04:53:24;4.45;Bewolkt;9:04:00
2025-11-11 05:53:24;5.03;Onbewolkt;9:04:00
2025-11-11 06:53:25;4.39;Onbewolkt;9:04:00
2025-11-11 07:53:25;4.55;Licht bewolkt;9:04:00
2025-11-11 08:53:26;4.1;Licht bewolkt;9:04:00
2025-11-11 09:53:26;4.35;Zwaar bewolkt;9:04:00
2025-11-11 10:53:27;4.57;Geheel bewolkt;9:04:00
2025-11-11 11:53:27;5.05;Half bewolkt;9:04:00
2025-11-11 12:53:28;5.44;Geheel bewolkt;9:04:00
2025-11-11 13:53:28;6.95;Zwaar bewolkt;9:04:00
2025-11-11 14:53:29;6.45;Geheel bewolkt;9:04:00
2025-11-11 15:53:29;6.72;Geheel bewolkt;9:04:00
2025-11-11 16:53:29;4.8;Licht bewolkt;9:04:00
2025-11-11 17:53:30;4.57;Licht bewolkt;9:04:00
2025-11-11 18:53:30;5.3;Licht bewolkt;9:04:00
2025-11-11 19:53:31;4.37;Licht bewolkt;9:04:00
2025-11-11 20:53:31;4.97;Licht bewolkt;9:04:00
2025-11-11 21:53:32;4.72;Licht bewolkt;9:04:00
2025-11-11 22:53:32;4.41;Licht bewolkt;9:04:00
2025-11-11 23:53:32;4.26;Geheel bewolkt;9:04:00
2025-11-12 00:53:33;4.99;Geheel bewolkt;9:00:00
2025-11-12 01:53:33;5.54;Geheel bewolkt;9:00:00
2025-11-12 02:53:34;5.17;Geheel bewolkt;9:00:00
2025-11-12 03:53:34;4.82;Zwaar bewolkt;9:00:00
2025-11-12 04:53:35;5.58;Geheel bewolkt;9:00:00
2025-11-12 05:53:35;5.48;Geheel bewolkt;9:00:00
2025-11-12 06:53:35;5.54;Licht bewolkt;9:00:00
2025-11-12 07:53:36;5.21;Geheel bewolkt;9:00:00
2025-11-12 08:53:37;5.4;Geheel bewolkt;9:00:00
2025-11-12 09:53:37;5.01;Zwaar bewolkt;9:00:00
2025-11-12 10:53:37;5.09;Geheel bewolkt;9:00:00
2025-11-12 11:50:01;5.83;Zwaar bewolkt;9:00:00
2025-11-12 11:50:11;5.83;Zwaar bewolkt;9:00:00
2025-11-12 11:52:40;5.83;Zwaar bewolkt;9:00:00
2025-11-12 12:52:41;6.82;Geheel bewolkt;9:00:00
2025-11-12 13:52:41;7.15;Half bewolkt;9:00:00
2025-11-12 14:52:42;6.08;Licht bewolkt;9:00:00
2025-11-12 15:52:42;6.02;Licht bewolkt;9:00:00
2025-11-12 16:52:43;5.3;Licht bewolkt;9:00:00
2025-11-12 17:52:44;5.21;Licht bewolkt;9:00:00
2025-11-12 18:52:44;6.08;Licht bewolkt;9:00:00
2025-11-12 19:52:44;5.48;Licht bewolkt;9:00:00
2025-11-12 20:52:45;4.82;Licht bewolkt;9:00:00
2025-11-12 21:52:45;5.28;Licht bewolkt;9:00:00
2025-11-12 22:52:46;4.04;Licht bewolkt;9:00:00
2025-11-12 23:52:46;3.44;Licht bewolkt;9:00:00
2025-11-13 00:52:47;2.57;Licht bewolkt;8:58:00
2025-11-13 01:52:47;2.8;Licht bewolkt;8:58:00
2025-11-13 02:52:47;4.31;Licht bewolkt;8:58:00
2025-11-13 03:52:48;3.77;Licht bewolkt;8:58:00
2025-11-13 04:52:48;5.34;Geheel bewolkt;8:58:00
2025-11-13 05:52:49;5.5;Geheel bewolkt;8:58:00
2025-11-13 06:52:49;6.29;Geheel bewolkt;8:58:00
2025-11-13 07:52:50;5.77;Geheel bewolkt;8:58:00
2025-11-13 08:52:50;5.38;Geheel bewolkt;8:58:00
2025-11-13 09:52:51;6.37;Geheel bewolkt;8:58:00
2025-11-13 10:52:51;5.65;Geheel bewolkt;8:58:00
2025-11-13 11:52:51;6.37;Geheel bewolkt;8:58:00
2025-11-13 12:52:52;5.11;Geheel bewolkt;8:58:00
2025-11-13 13:52:52;5.46;Onbewolkt;8:58:00
2025-11-13 14:52:53;4.53;Geheel bewolkt;8:58:00
2025-11-13 15:52:53;4.39;Geheel bewolkt;8:58:00
2025-11-13 16:52:54;3.6;Geheel bewolkt;8:58:00
2025-11-13 17:52:54;2.7;Bewolkt;8:58:00
2025-11-13 18:52:54;1.85;Bewolkt;8:58:00
2025-11-13 19:52:55;2.88;Geheel bewolkt;8:58:00
2025-11-13 20:52:55;1.21;Geheel bewolkt;8:58:00
2025-11-13 21:52:56;1.4;Geheel bewolkt;8:58:00
2025-11-13 22:52:56;0.99;Bewolkt;8:58:00
2025-11-13 23:52:57;2.06;Bewolkt;8:58:00
2025-11-14 00:52:57;2.88;Bewolkt;8:54:00
2025-11-14 01:52:58;3.5;Bewolkt;8:54:00
2025-11-14 02:52:58;1.93;Bewolkt;8:54:00
2025-11-14 03:52:58;2.39;Geheel bewolkt;8:54:00
2025-11-14 04:52:59;3.25;Bewolkt;8:54:00
2025-11-14 05:52:59;3.67;Geheel bewolkt;8:54:00
2025-11-14 06:53:00;4.68;Bewolkt;8:54:00
2025-11-14 07:53:00;4.0;Bewolkt;8:54:00
2025-11-14 08:53:01;3.34;Bewolkt;8:54:00
2025-11-14 09:53:01;4.64;Bewolkt;8:54:00
2025-11-14 10:53:01;3.38;Bewolkt;8:54:00
2025-11-14 11:53:02;4.78;Bewolkt;8:54:00
2025-11-14 12:53:02;4.68;Bewolkt;8:54:00
2025-11-14 13:53:03;4.12;Bewolkt;8:54:00
2025-11-14 14:53:03;4.51;Bewolkt;8:54:00
2025-11-14 15:53:03;4.1;Bewolkt;8:54:00
2025-11-14 16:53:04;3.09;Bewolkt;8:54:00
2025-11-14 17:53:04;4.0;Bewolkt;8:54:00
2025-11-14 18:53:05;5.75;Bewolkt;8:54:00
2025-11-14 19:53:05;4.97;Bewolkt;8:54:00
2025-11-14 20:53:06;6.49;Bewolkt;8:54:00
2025-11-14 21:53:06;6.24;Bewolkt;8:54:00
2025-11-14 22:53:07;5.5;Bewolkt;8:54:00
2025-11-14 23:53:07;5.56;Geheel bewolkt;8:54:00
2025-11-15 00:53:08;6.84;Geheel bewolkt;8:51:00
2025-11-15 01:53:08;5.69;Bewolkt;8:51:00
2025-11-15 02:53:09;5.58;Bewolkt;8:51:00
2025-11-15 03:53:09;5.89;Bewolkt;8:51:00
2025-11-15 04:53:09;5.63;Bewolkt;8:51:00
2025-11-15 05:53:10;5.28;Bewolkt;8:51:00
2025-11-15 06:53:10;4.02;Bewolkt;8:51:00
2025-11-15 07:53:11;5.36;Af en toe regen;8:51:00
2025-11-15 08:53:11;4.82;Bewolkt;8:51:00
2025-11-15 09:53:11;5.36;Bewolkt;8:51:00
2025-11-15 10:53:12;5.05;Bewolkt;8:51:00
2025-11-15 11:53:12;4.39;Bewolkt;8:51:00
2025-11-15 12:53:13;4.74;Bewolkt;8:51:00
2025-11-15 13:53:13;4.53;Bewolkt;8:51:00
2025-11-15 14:53:14;3.89;Geheel bewolkt;8:51:00
2025-11-15 15:53:14;4.97;Geheel bewolkt;8:51:00
2025-11-15 16:53:14;4.33;Geheel bewolkt;8:51:00
2025-11-15 17:53:15;3.05;Geheel bewolkt;8:51:00
2025-11-15 18:53:15;3.03;Bewolkt;8:51:00
2025-11-15 19:53:16;2.97;Bewolkt;8:51:00
2025-11-15 20:53:16;4.62;Geheel bewolkt;8:51:00
2025-11-15 21:53:17;4.24;Geheel bewolkt;8:51:00
2025-11-15 22:53:17;3.17;Geheel bewolkt;8:51:00
2025-11-15 23:53:18;3.58;Geheel bewolkt;8:51:00
2025-11-16 00:53:18;3.65;Geheel bewolkt;8:48:00
2025-11-16 01:53:18;2.74;Geheel bewolkt;8:48:00
2025-11-16 02:53:19;3.77;Geheel bewolkt;8:48:00
2025-11-16 03:53:19;4.24;Geheel bewolkt;8:48:00
2025-11-16 04:53:20;3.6;Geheel bewolkt;8:48:00
2025-11-16 05:53:20;3.17;Geheel bewolkt;8:48:00
2025-11-16 06:53:21;3.54;Geheel bewolkt;8:48:00
2025-11-16 07:53:21;3.63;Geheel bewolkt;8:48:00
2025-11-16 08:53:21;3.52;Geheel bewolkt;8:48:00
2025-11-16 09:53:22;4.29;Geheel bewolkt;8:48:00
2025-11-16 10:53:22;4.1;Geheel bewolkt;8:48:00
2025-11-16 11:53:23;4.04;Geheel bewolkt;8:48:00
2025-11-16 12:53:23;4.31;Geheel bewolkt;8:48:00
2025-11-16 13:53:24;4.06;Geheel bewolkt;8:48:00
2025-11-16 14:53:24;4.43;Geheel bewolkt;8:48:00
2025-11-16 15:53:24;5.38;Geheel bewolkt;8:48:00
2025-11-16 16:53:25;4.22;Onbewolkt;8:48:00
2025-11-16 17:53:25;3.48;Onbewolkt;8:48:00
2025-11-16 18:53:26;1.98;Onbewolkt;8:48:00
2025-11-16 19:53:26;1.44;Onbewolkt;8:48:00
2025-11-16 20:53:27;0.53;Licht bewolkt;8:48:00
2025-11-16 21:53:27;1.03;Geheel bewolkt;8:48:00
2025-11-16 22:53:27;1.17;Half bewolkt;8:48:00
2025-11-16 23:53:28;1.4;Half bewolkt;8:48:00
2025-11-17 00:53:28;3.77;Bewolkt;8:45:00
2025-11-17 01:53:29;2.55;Bewolkt;8:45:00
2025-11-17 02:53:29;4.37;Bewolkt;8:45:00
2025-11-17 03:53:30;2.55;Bewolkt;8:45:00
2025-11-17 04:53:30;8.18;Bewolkt;8:45:00
2025-11-17 05:53:30;5.77;Half bewolkt;8:45:00
2025-11-17 06:53:31;10.33;Bewolkt;8:45:00
2025-11-17 07:53:31;9.94;Af en toe neerslag;8:45:00
2025-11-17 08:53:32;10.39;Bewolkt;8:45:00
2025-11-17 09:53:32;6.31;Droog na neerslag;8:45:00
2025-11-17 10:53:32;8.62;Droog na neerslag;8:45:00
2025-11-17 11:53:33;10.56;Bewolkt;8:45:00
2025-11-17 12:53:33;9.15;Bewolkt;8:45:00
2025-11-17 13:53:34;7.34;Bewolkt;8:45:00
2025-11-17 14:53:34;6.37;Bewolkt;8:45:00
2025-11-17 15:53:35;5.42;Licht bewolkt;8:45:00
2025-11-17 16:53:35;2.04;Onbewolkt;8:45:00
2025-11-17 17:53:36;1.13;Licht bewolkt;8:45:00
2025-11-17 18:53:36;2.31;Onbewolkt;8:45:00
2025-11-17 19:53:37;1.32;Bewolkt;8:45:00
2025-11-17 20:53:37;1.42;Droog na neerslag;8:45:00
2025-11-17 21:53:38;2.16;Bewolkt;8:45:00
2025-11-17 22:53:38;3.27;Bewolkt;8:45:00
2025-11-17 23:53:38;2.31;Bewolkt;8:45:00
2025-11-18 00:53:39;2.88;Bewolkt;8:42:00
2025-11-18 01:53:39;1.91;Bewolkt;8:42:00
2025-11-18 02:53:40;2.39;Bewolkt;8:42:00
2025-11-18 03:53:40;1.85;Bewolkt;8:42:00
2025-11-18 04:53:41;4.62;Bewolkt;8:42:00
2025-11-18 05:53:41;2.39;Half bewolkt;8:42:00
2025-11-18 06:53:42;6.72;Geheel bewolkt;8:42:00
2025-11-18 07:53:42;6.37;Geheel bewolkt;8:42:00
2025-11-18 08:53:42;6.0;Geheel bewolkt;8:42:00
2025-11-18 09:53:43;6.12;Bewolkt;8:42:00
2025-11-18 10:53:43;6.66;Bewolkt;8:42:00
2025-11-18 11:53:44;6.66;Bewolkt;8:42:00
2025-11-18 12:53:44;6.66;Bewolkt;8:42:00
2025-11-18 13:53:45;5.34;Bewolkt;8:42:00
2025-11-18 14:53:45;5.09;Bewolkt;8:42:00
2025-11-18 15:53:45;4.78;Bewolkt;8:42:00
2025-11-18 16:53:46;2.99;Droog na neerslag;8:42:00
2025-11-18 17:53:46;3.69;Geheel bewolkt;8:42:00
2025-11-18 18:53:47;3.52;Geheel bewolkt;8:42:00
2025-11-18 19:53:47;3.21;Bewolkt;8:42:00
2025-11-18 20:53:48;4.74;Bewolkt;8:42:00
2025-11-18 21:53:48;6.45;Bewolkt;8:42:00
2025-11-18 22:53:49;5.58;Bewolkt;8:42:00
2025-11-18 23:53:49;7.15;Zwaar bewolkt;8:42:00
2025-11-19 00:53:50;5.5;Af en toe regen;8:39:00
2025-11-19 01:53:50;5.87;Bewolkt;8:39:00
2025-11-19 02:53:51;6.78;Bewolkt;8:39:00
2025-11-19 03:53:51;6.78;Bewolkt;8:39:00
2025-11-19 04:53:52;4.47;Bewolkt;8:39:00
2025-11-19 05:53:52;7.54;Bewolkt;8:39:00
2025-11-19 06:53:53;6.76;Bewolkt;8:39:00
2025-11-19 07:53:53;6.04;Af en toe regen;8:39:00
2025-11-19 08:53:54;4.92;Bewolkt;8:39:00
2025-11-19 09:53:54;5.01;Bewolkt;8:39:00
2025-11-19 10:53:54;4.14;Bewolkt;8:39:00
2025-11-19 11:53:55;3.19;Bewolkt;8:39:00
2025-11-19 12:53:55;3.32;Bewolkt;8:39:00
2025-11-19 13:53:56;1.54;Bewolkt;8:39:00
2025-11-19 14:53:56;6.93;Bewolkt;8:39:00
2025-11-19 15:53:57;6.47;Bewolkt;8:39:00
2025-11-19 16:53:57;6.8;Geheel bewolkt;8:39:00
2025-11-19 17:53:57;6.24;Geheel bewolkt;8:39:00
2025-11-19 18:53:58;6.33;Geheel bewolkt;8:39:00
2025-11-19 19:53:58;3.85;Zwaar bewolkt;8:39:00
2025-11-19 20:53:59;3.46;Zwaar bewolkt;8:39:00
2025-11-19 21:53:59;4.08;Bewolkt;8:39:00
2025-11-19 22:54:00;3.13;Licht bewolkt;8:39:00
2025-11-19 23:54:00;2.35;Onbewolkt;8:39:00
2025-11-20 00:54:01;0.84;Onbewolkt;8:37:00
2025-11-20 01:54:01;1.4;Half bewolkt;8:37:00
2025-11-20 02:54:02;5.91;Geheel bewolkt;8:37:00
2025-11-20 03:54:02;6.14;Bewolkt;8:37:00
2025-11-20 04:54:02;2.47;Geheel bewolkt;8:37:00
2025-11-20 05:54:03;1.54;Geheel bewolkt;8:37:00
2025-11-20 06:54:03;1.15;Geheel bewolkt;8:37:00
2025-11-20 07:54:04;2.94;Geheel bewolkt;8:37:00
2025-11-20 08:54:04;2.88;Bewolkt;8:37:00
2025-11-20 09:54:05;2.02;Bewolkt;8:37:00
2025-11-20 10:54:05;2.06;Bewolkt;8:37:00
2025-11-20 11:54:06;2.14;Bewolkt;8:37:00
2025-11-20 12:54:06;4.9;Zwaar bewolkt;8:37:00
2025-11-20 13:54:06;2.84;Zwaar bewolkt;8:37:00
2025-11-20 14:54:07;1.95;Licht bewolkt;8:37:00
2025-11-20 15:54:07;1.67;Half bewolkt;8:37:00
2025-11-20 16:54:08;3.71;Bewolkt;8:37:00
2025-11-20 17:54:08;0.37;Bewolkt;8:37:00
2025-11-20 18:54:08;2.99;Bewolkt;8:37:00
2025-11-20 19:54:09;3.65;Bewolkt;8:37:00
2025-11-20 20:54:09;1.77;Regen en sneeuw;8:37:00
2025-11-20 21:54:10;1.89;Droog na sneeuw;8:37:00
2025-11-20 22:54:10;1.52;Onbewolkt;8:37:00
2025-11-20 23:54:11;1.67;Half bewolkt;8:37:00
2025-11-21 00:54:11;2.68;Zwaar bewolkt;8:33:00
2025-11-21 01:54:12;2.2;Mist;8:33:00
2025-11-21 02:54:12;2.94;Zwaar bewolkt;8:33:00
2025-11-21 03:54:12;4.57;Geheel bewolkt;8:33:00
2025-11-21 04:54:13;2.59;Bewolkt;8:33:00
2025-11-21 05:54:13;3.54;Onbewolkt;8:33:00
2025-11-21 06:54:14;2.61;Onbewolkt;8:33:00
2025-11-21 07:54:14;1.32;Licht bewolkt;8:33:00
2025-11-21 08:54:14;0.55;Mist met rijp;8:33:00
2025-11-21 09:54:15;2.2;Onbewolkt;8:33:00
2025-11-21 10:54:15;0.45;Onbewolkt;8:33:00
2025-11-21 11:54:16;0.92;Onbewolkt;8:33:00
2025-11-21 12:54:16;0.88;Onbewolkt;8:33:00
2025-11-21 13:54:17;0.49;Onbewolkt;8:33:00
2025-11-21 14:54:17;0.92;Onbewolkt;8:33:00
2025-11-21 15:54:17;1.07;Onbewolkt;8:33:00
2025-11-21 16:54:18;1.6;Onbewolkt;8:33:00
2025-11-21 17:54:18;1.65;Licht bewolkt;8:33:00
2025-11-21 18:54:19;0.94;Geheel bewolkt;8:33:00
2025-11-21 19:54:19;1.81;Half bewolkt;8:33:00
2025-11-21 20:54:20;4.04;Regen en sneeuw;8:33:00
2025-11-21 21:54:20;1.73;Bewolkt;8:33:00
2025-11-21 22:54:20;2.41;Geheel bewolkt;8:33:00
2025-11-21 23:54:21;3.67;Bewolkt;8:33:00
2025-11-22 00:54:21;5.09;Bewolkt;8:30:00
2025-11-22 01:54:22;4.18;Bewolkt;8:30:00
2025-11-22 02:54:22;2.99;Bewolkt;8:30:00
2025-11-22 03:54:23;3.34;Half bewolkt;8:30:00
2025-11-22 04:54:23;3.09;Licht bewolkt;8:30:00
2025-11-22 05:54:23;3.93;Licht bewolkt;8:30:00
2025-11-22 06:54:24;4.0;Zwaar bewolkt;8:30:00
2025-11-22 07:54:24;4.84;Onbewolkt;8:30:00
2025-11-22 08:54:25;4.47;Geheel bewolkt;8:30:00
2025-11-22 09:54:25;5.28;Geheel bewolkt;8:30:00
2025-11-22 10:54:26;6.18;Geheel bewolkt;8:30:00
2025-11-22 11:54:26;6.16;Geheel bewolkt;8:30:00
2025-11-22 12:54:26;6.64;Geheel bewolkt;8:30:00
2025-11-22 13:54:27;5.46;Zwaar bewolkt;8:30:00
2025-11-22 14:54:27;6.47;Geheel bewolkt;8:30:00
2025-11-22 15:54:28;7.15;Half bewolkt;8:30:00
2025-11-22 16:54:28;6.18;Geheel bewolkt;8:30:00
2025-11-22 17:54:29;7.44;Geheel bewolkt;8:30:00
2025-11-22 18:54:29;7.26;Geheel bewolkt;8:30:00
2025-11-22 19:54:29;7.38;Geheel bewolkt;8:30:00
2025-11-22 20:54:30;7.07;Licht bewolkt;8:30:00
2025-11-22 21:54:30;6.84;Half bewolkt;8:30:00
2025-11-22 22:54:31;6.68;Licht bewolkt;8:30:00
2025-11-22 23:54:31;6.35;Geheel bewolkt;8:30:00
2025-11-23 00:54:32;5.98;Geheel bewolkt;8:28:00
2025-11-23 01:54:32;7.09;Geheel bewolkt;8:28:00
2025-11-23 02:54:32;6.37;Lichte sneeuw;8:28:00
2025-11-23 03:54:33;7.3;Lichte sneeuw;8:28:00
2025-11-23 04:54:33;9.52;Lichte sneeuw;8:28:00
2025-11-23 05:54:34;7.89;Droog na sneeuw;8:28:00
2025-11-23 06:54:34;7.75;Geheel bewolkt;8:28:00
2025-11-23 07:54:35;9.38;Bewolkt;8:28:00
2025-11-23 08:54:35;9.32;Bewolkt;8:28:00
2025-11-23 09:54:35;9.11;Bewolkt;8:28:00
2025-11-23 10:54:36;8.47;Geheel bewolkt;8:28:00
2025-11-23 11:54:36;7.63;Geheel bewolkt;8:28:00
2025-11-23 12:54:37;7.83;Bewolkt;8:28:00
2025-11-23 13:54:37;7.44;Bewolkt;8:28:00
2025-11-23 14:54:38;8.66;Bewolkt;8:28:00
2025-11-23 15:54:38;7.65;Bewolkt;8:28:00
2025-11-23 16:54:38;7.48;Bewolkt;8:28:00
2025-11-23 17:54:39;6.82;Geheel bewolkt;8:28:00
2025-11-23 18:54:39;5.52;Bewolkt;8:28:00
2025-11-23 19:54:40;6.7;Bewolkt;8:28:00
2025-11-23 20:54:40;6.04;Bewolkt;8:28:00
2025-11-23 21:54:41;4.72;Bewolkt;8:28:00
2025-11-23 22:54:41;4.9;Zwaar bewolkt;8:28:00
2025-11-23 23:54:41;4.64;Geheel bewolkt;8:28:00
2025-11-24 00:54:42;4.18;Bewolkt;8:25:00
2025-11-24 01:54:42;3.96;Zwaar bewolkt;8:25:00
2025-11-24 02:54:43;4.88;Bewolkt;8:25:00
2025-11-24 03:54:43;4.53;Geheel bewolkt;8:25:00
2025-11-24 04:54:44;4.22;Bewolkt;8:25:00
2025-11-24 05:54:44;2.06;Bewolkt;8:25:00
2025-11-24 06:54:45;3.79;Af en toe regen;8:25:00
2025-11-24 07:54:45;2.82;Bewolkt;8:25:00
2025-11-24 08:54:45;3.96;Bewolkt;8:25:00
2025-11-24 09:54:46;3.54;Bewolkt;8:25:00
2025-11-24 10:54:46;4.99;Bewolkt;8:25:00
2025-11-24 11:54:47;2.45;Bewolkt;8:25:00
2025-11-24 12:54:47;5.03;Bewolkt;8:25:00
2025-11-24 13:54:48;4.39;Zwaar bewolkt;8:25:00
2025-11-24 14:54:48;3.03;Geheel bewolkt;8:25:00
2025-11-24 15:54:48;2.8;Geheel bewolkt;8:25:00
2025-11-24 16:54:49;1.54;Geheel bewolkt;8:25:00
2025-11-24 17:54:49;0.99;Geheel bewolkt;8:25:00
2025-11-24 18:54:50;1.75;Geheel bewolkt;8:25:00
2025-11-24 19:54:50;1.34;Geheel bewolkt;8:25:00
2025-11-24 20:54:51;0.68;Mist;8:25:00
2025-11-24 21:54:51;0.1;Mist;8:25:00
2025-11-24 22:54:51;0.22;Mist;8:25:00
2025-11-24 23:54:52;0.55;Mist;8:25:00
2025-11-25 00:54:52;0.47;Mist met rijp;8:22:00
2025-11-25 01:54:53;0.12;Mist met rijp;8:22:00
2025-11-25 02:54:53;0.35;Mist met rijp;8:22:00
2025-11-25 03:55:04;0.39;Mist met rijp;8:22:00
2025-11-25 04:55:04;0.28;Mist met rijp;8:22:00
2025-11-25 05:55:04;0.7;Mist met rijp;8:22:00
2025-11-25 06:55:05;1.09;Geheel bewolkt;8:22:00
2025-11-25 07:55:05;2.53;Bewolkt;8:22:00
2025-11-25 08:55:06;3.03;Bewolkt;8:22:00
2025-11-25 09:55:06;6.49;Bewolkt;8:22:00
2025-11-25 10:55:06;4.97;Bewolkt;8:22:00
2025-11-25 11:55:07;4.76;Onbewolkt;8:22:00
2025-11-25 12:55:07;6.95;Licht bewolkt;8:22:00
2025-11-25 13:55:08;6.45;Bewolkt;8:22:00
2025-11-25 14:55:08;5.94;Bewolkt;8:22:00
2025-11-25 15:55:09;4.31;Bewolkt;8:22:00
2025-11-25 16:55:09;6.31;Af en toe regen;8:22:00
2025-11-25 17:55:09;2.61;Bewolkt;8:22:00
2025-11-25 18:55:10;7.13;Bewolkt;8:22:00
2025-11-25 19:55:10;2.47;Bewolkt;8:22:00
2025-11-25 20:55:11;3.81;Half bewolkt;8:22:00
2025-11-25 21:55:11;5.56;Bewolkt;8:22:00
2025-11-25 22:55:11;3.52;Bewolkt;8:22:00
2025-11-25 23:55:12;4.41;Bewolkt;8:22:00
2025-11-26 00:55:12;3.73;Half bewolkt;8:20:00
2025-11-26 01:55:13;4.02;Licht bewolkt;8:20:00
2025-11-26 02:55:13;2.06;Onbewolkt;8:20:00
2025-11-26 03:55:14;1.54;Licht bewolkt;8:20:00
2025-11-26 04:55:14;2.66;Geheel bewolkt;8:20:00
2025-11-26 05:55:14;1.73;Geheel bewolkt;8:20:00
2025-11-26 06:55:15;1.5;Geheel bewolkt;8:20:00
2025-11-26 07:55:15;0.72;Geheel bewolkt;8:20:00
2025-11-26 08:55:15;1.91;Geheel bewolkt;8:20:00
2025-11-26 09:55:16;2.59;Geheel bewolkt;8:20:00
2025-11-26 10:55:16;1.67;Zwaar bewolkt;8:20:00
2025-11-26 11:55:17;0.88;Zwaar bewolkt;8:20:00
2025-11-26 12:55:17;2.2;Half bewolkt;8:20:00
2025-11-26 13:55:18;0.94;Zwaar bewolkt;8:20:00
2025-11-26 14:55:18;1.93;Half bewolkt;8:20:00
2025-11-26 15:55:19;2.47;Licht bewolkt;8:20:00
2025-11-26 16:55:19;1.09;Geheel bewolkt;8:20:00
2025-11-26 17:55:19;2.16;Zwaar bewolkt;8:20:00
2025-11-26 18:55:20;1.54;Half bewolkt;8:20:00
2025-11-26 19:55:20;2.59;Geheel bewolkt;8:20:00
2025-11-26 20:55:21;3.03;Geheel bewolkt;8:20:00
2025-11-26 21:55:21;3.87;Mist;8:20:00
2025-11-26 22:55:22;3.93;Mist;8:20:00
2025-11-26 23:55:22;4.08;Geheel bewolkt;8:20:00
2025-11-27 00:55:22;4.35;Geheel bewolkt;8:17:00
2025-11-27 01:55:28;3.81;Geheel bewolkt;8:17:00
2025-11-27 02:55:28;3.83;Geheel bewolkt;8:17:00
2025-11-27 03:55:29;4.35;Geheel bewolkt;8:17:00
2025-11-27 04:55:29;5.96;Geheel bewolkt;8:17:00
2025-11-27 05:55:30;7.96;Bewolkt;8:17:00
2025-11-27 06:55:30;7.77;Bewolkt;8:17:00
2025-11-27 07:55:30;7.77;Bewolkt;8:17:00
2025-11-27 08:55:31;7.73;Bewolkt;8:17:00
2025-11-27 09:55:31;7.44;Geheel bewolkt;8:17:00
2025-11-27 10:55:32;8.0;Geheel bewolkt;8:17:00
2025-11-27 11:55:32;7.87;Bewolkt;8:17:00
2025-11-27 12:55:33;7.07;Geheel bewolkt;8:17:00
2025-11-27 13:55:33;7.28;Geheel bewolkt;8:17:00
2025-11-27 14:55:33;6.66;Geheel bewolkt;8:17:00
2025-11-27 15:55:34;7.98;Geheel bewolkt;8:17:00
2025-11-27 16:55:34;7.15;Geheel bewolkt;8:17:00
2025-11-27 17:55:35;7.01;Geheel bewolkt;8:17:00
2025-11-27 18:55:35;7.05;Geheel bewolkt;8:17:00
2025-11-27 19:55:36;7.01;Geheel bewolkt;8:17:00
2025-11-27 20:55:36;7.21;Geheel bewolkt;8:17:00
2025-11-27 21:55:37;7.44;Geheel bewolkt;8:17:00
2025-11-27 22:55:37;7.61;Geheel bewolkt;8:17:00
2025-11-27 23:55:37;7.69;Geheel bewolkt;8:17:00
2025-11-28 00:55:38;7.05;Geheel bewolkt;8:15:00
2025-11-28 01:55:38;6.78;Geheel bewolkt;8:15:00
2025-11-28 02:55:39;6.99;Geheel bewolkt;8:15:00
2025-11-28 03:55:39;6.84;Geheel bewolkt;8:15:00
2025-11-28 04:55:39;7.23;Bewolkt;8:15:00
2025-11-28 05:55:40;6.1;Bewolkt;8:15:00
2025-11-28 06:55:40;6.2;Bewolkt;8:15:00
2025-11-28 07:55:41;5.71;Bewolkt;8:15:00
2025-11-28 08:55:41;4.82;Bewolkt;8:15:00
2025-11-28 09:55:42;4.84;Bewolkt;8:15:00
2025-11-28 10:55:42;4.74;Geheel bewolkt;8:15:00
2025-11-28 11:55:42;6.2;Geheel bewolkt;8:15:00
2025-11-28 12:55:43;6.35;Zwaar bewolkt;8:15:00
2025-11-28 13:55:43;5.67;Licht bewolkt;8:15:00
2025-11-28 14:55:44;5.52;Geheel bewolkt;8:15:00
2025-11-28 15:55:44;5.3;Geheel bewolkt;8:15:00
2025-11-28 16:55:44;5.91;Geheel bewolkt;8:15:00
2025-11-28 17:55:45;5.54;Zwaar bewolkt;8:15:00
2025-11-28 18:55:45;6.55;Geheel bewolkt;8:15:00
2025-11-28 19:55:46;6.08;Zwaar bewolkt;8:15:00
2025-11-28 20:55:46;6.41;Zwaar bewolkt;8:15:00
2025-11-28 21:55:46;6.04;Zwaar bewolkt;8:15:00
2025-11-28 22:55:47;5.77;Geheel bewolkt;8:15:00
2025-11-28 23:55:47;5.75;Geheel bewolkt;8:15:00
2025-11-29 00:55:48;5.05;Geheel bewolkt;8:13:00
2025-11-29 01:55:48;4.02;Zwaar bewolkt;8:13:00
2025-11-29 02:55:49;4.35;Licht bewolkt;8:13:00
2025-11-29 03:55:49;5.46;Geheel bewolkt;8:13:00
2025-11-29 04:55:49;4.8;Geheel bewolkt;8:13:00
2025-11-29 05:55:50;5.09;Geheel bewolkt;8:13:00
2025-11-29 06:56:04;4.06;Geheel bewolkt;8:13:00
2025-11-29 07:56:05;6.18;Geheel bewolkt;8:13:00
2025-11-29 08:56:05;5.46;Geheel bewolkt;8:13:00
2025-11-29 09:56:05;6.16;Geheel bewolkt;8:13:00
2025-11-29 10:56:06;5.77;Geheel bewolkt;8:13:00
2025-11-29 11:56:06;6.31;Geheel bewolkt;8:13:00
2025-11-29 12:56:07;7.87;Geheel bewolkt;8:13:00
2025-11-29 13:56:07;7.26;Geheel bewolkt;8:13:00
2025-11-29 14:56:08;7.19;Geheel bewolkt;8:13:00
2025-11-29 15:56:08;5.75;Geheel bewolkt;8:13:00
2025-11-29 16:56:08;5.07;Geheel bewolkt;8:13:00
2025-11-29 17:56:09;4.29;Geheel bewolkt;8:13:00
2025-11-29 18:56:09;5.48;Bewolkt;8:13:00
2025-11-29 19:56:10;5.85;Bewolkt;8:13:00
2025-11-29 20:56:10;6.24;Bewolkt;8:13:00
2025-11-29 21:56:11;5.19;Bewolkt;8:13:00
2025-11-29 22:56:11;3.73;Geheel bewolkt;8:13:00
2025-11-29 23:56:12;4.55;Geheel bewolkt;8:13:00
2025-11-30 00:56:12;3.32;Onbewolkt;8:11:00
2025-11-30 01:56:12;3.6;Licht bewolkt;8:11:00
2025-11-30 02:56:13;5.28;Licht bewolkt;8:11:00
2025-11-30 03:56:13;4.78;Geheel bewolkt;8:11:00
2025-11-30 04:56:14;6.04;Half bewolkt;8:11:00
2025-11-30 05:56:14;5.87;Geheel bewolkt;8:11:00
2025-11-30 06:56:14;5.61;Geheel bewolkt;8:11:00
2025-11-30 07:56:15;6.72;Bewolkt;8:11:00
2025-11-30 08:56:15;5.3;Bewolkt;8:11:00
2025-11-30 09:56:16;5.52;Bewolkt;8:11:00
2025-11-30 10:56:16;6.62;Half bewolkt;8:11:00
2025-11-30 11:56:17;7.05;Zwaar bewolkt;8:11:00
2025-11-30 12:56:17;6.1;Half bewolkt;8:11:00
2025-11-30 13:56:17;5.96;Geheel bewolkt;8:11:00
2025-11-30 14:56:18;5.32;Geheel bewolkt;8:11:00
2025-11-30 15:56:18;5.07;Geheel bewolkt;8:11:00
2025-11-30 16:56:19;5.09;Geheel bewolkt;8:11:00
2025-11-30 17:56:19;4.95;Geheel bewolkt;8:11:00
2025-11-30 18:56:19;4.04;Droog na neerslag;8:11:00
2025-11-30 19:56:20;4.41;Bewolkt;8:11:00
2025-11-30 20:56:20;4.76;Geheel bewolkt;8:11:00
2025-11-30 21:56:21;3.91;Bewolkt;8:11:00
2025-11-30 22:56:21;4.51;Bewolkt;8:11:00
2025-11-30 23:56:21;2.59;Onbewolkt;8:11:00
2025-12-01 00:56:22;2.9;Licht bewolkt;8:08:00
2025-12-01 01:56:22;4.0;Licht bewolkt;8:08:00
2025-12-01 02:56:23;4.02;Onbewolkt;8:08:00
2025-12-01 03:56:23;3.6;Licht bewolkt;8:08:00
2025-12-01 04:56:24;3.77;Licht bewolkt;8:08:00
2025-12-01 05:56:24;4.2;Licht bewolkt;8:08:00
2025-12-01 06:56:24;4.84;Licht bewolkt;8:08:00
2025-12-01 07:56:25;5.89;Geheel bewolkt;8:08:00
2025-12-01 08:56:25;6.31;Geheel bewolkt;8:08:00
2025-12-01 09:56:26;7.4;Geheel bewolkt;8:08:00
2025-12-01 10:56:26;8.64;Geheel bewolkt;8:08:00
2025-12-01 11:56:27;9.52;Geheel bewolkt;8:08:00
2025-12-01 12:56:27;10.33;Geheel bewolkt;8:08:00
2025-12-01 13:56:27;8.58;Bewolkt;8:08:00
2025-12-01 14:56:28;9.54;Bewolkt;8:08:00
2025-12-01 15:56:28;8.72;Bewolkt;8:08:00
2025-12-01 16:56:29;8.8;Bewolkt;8:08:00
2025-12-01 17:56:29;9.21;Bewolkt;8:08:00
2025-12-01 18:56:30;9.59;Bewolkt;8:08:00
2025-12-01 19:56:30;9.13;Geheel bewolkt;8:08:00
2025-12-01 20:56:31;9.46;Bewolkt;8:08:00
2025-12-01 21:56:31;8.93;Geheel bewolkt;8:08:00
2025-12-01 22:56:31;8.8;Geheel bewolkt;8:08:00
2025-12-01 23:56:32;6.7;Geheel bewolkt;8:08:00
2025-12-02 00:56:32;8.0;Geheel bewolkt;8:07:00
2025-12-02 01:56:33;8.18;Geheel bewolkt;8:07:00
2025-12-02 02:56:33;6.84;Geheel bewolkt;8:07:00
2025-12-02 03:56:33;10.2;Geheel bewolkt;8:07:00
2025-12-02 04:56:34;8.43;Bewolkt;8:07:00
2025-12-02 05:56:34;7.61;Bewolkt;8:07:00
2025-12-02 06:56:35;7.96;Geheel bewolkt;8:07:00
2025-12-02 07:56:35;7.15;Geheel bewolkt;8:07:00
2025-12-02 08:56:36;6.68;Geheel bewolkt;8:07:00
2025-12-02 09:56:36;5.61;Geheel bewolkt;8:07:00
2025-12-02 10:56:36;7.07;Geheel bewolkt;8:07:00
2025-12-02 11:56:37;7.07;Geheel bewolkt;8:07:00
2025-12-02 12:56:37;7.07;Geheel bewolkt;8:07:00
2025-12-02 13:56:38;7.07;Geheel bewolkt;8:07:00
2025-12-02 14:56:38;5.61;Geheel bewolkt;8:07:00
2025-12-02 15:56:39;3.19;Geheel bewolkt;8:07:00
2025-12-02 16:56:39;4.06;Geheel bewolkt;8:07:00
2025-12-02 17:56:39;3.98;Geheel bewolkt;8:07:00
2025-12-02 18:56:40;3.4;Geheel bewolkt;8:07:00
2025-12-02 19:56:40;3.4;Geheel bewolkt;8:07:00
2025-12-02 20:56:41;2.97;Geheel bewolkt;8:07:00
2025-12-02 21:56:41;3.03;Geheel bewolkt;8:07:00
2025-12-02 22:56:42;2.84;Geheel bewolkt;8:07:00
2025-12-02 23:56:42;1.01;Geheel bewolkt;8:07:00
2025-12-03 00:56:43;2.53;Geheel bewolkt;8:05:00
2025-12-03 01:56:43;2.02;Geheel bewolkt;8:05:00
2025-12-03 02:56:43;1.81;Geheel bewolkt;8:05:00
2025-12-03 03:56:44;2.28;Geheel bewolkt;8:05:00
2025-12-03 04:56:44;2.37;Geheel bewolkt;8:05:00
2025-12-03 05:56:45;2.2;Geheel bewolkt;8:05:00
2025-12-03 06:56:45;2.64;Geheel bewolkt;8:05:00
2025-12-03 07:56:46;2.49;Geheel bewolkt;8:05:00
2025-12-03 08:56:46;2.2;Geheel bewolkt;8:05:00
2025-12-03 09:56:47;2.04;Geheel bewolkt;8:05:00
2025-12-03 10:56:47;2.2;Geheel bewolkt;8:05:00
2025-12-03 11:56:48;3.69;Geheel bewolkt;8:05:00
2025-12-03 12:56:48;3.75;Geheel bewolkt;8:05:00
2025-12-03 13:56:48;4.0;Zwaar bewolkt;8:05:00
2025-12-03 14:56:49;2.7;Half bewolkt;8:05:00
2025-12-03 15:56:49;4.14;Zwaar bewolkt;8:05:00
2025-12-03 16:56:50;2.66;Zwaar bewolkt;8:05:00
2025-12-03 17:56:50;2.26;Zwaar bewolkt;8:05:00
2025-12-03 18:56:51;1.93;Licht bewolkt;8:05:00
2025-12-03 19:56:51;2.33;Onbewolkt;8:05:00
2025-12-03 20:56:51;2.24;Licht bewolkt;8:05:00
2025-12-03 21:56:52;1.32;Mist;8:05:00
2025-12-03 22:56:52;2.31;Geheel bewolkt;8:05:00
2025-12-03 23:56:53;2.41;Half bewolkt;8:05:00
2025-12-04 00:56:53;2.43;Zwaar bewolkt;8:03:00
2025-12-04 01:56:54;3.01;Geheel bewolkt;8:03:00
2025-12-04 02:56:54;2.47;Geheel bewolkt;8:03:00
2025-12-04 03:56:54;2.37;Geheel bewolkt;8:03:00
2025-12-04 04:56:55;3.3;Geheel bewolkt;8:03:00
2025-12-04 05:56:55;3.36;Geheel bewolkt;8:03:00
2025-12-04 06:56:56;3.71;Geheel bewolkt;8:03:00
2025-12-04 07:56:56;4.02;Zwaar bewolkt;8:03:00
2025-12-04 08:56:56;3.65;Licht bewolkt;8:03:00
2025-12-04 09:56:57;4.62;Licht bewolkt;8:03:00
2025-12-04 10:56:57;4.82;Licht bewolkt;8:03:00
2025-12-04 11:56:58;5.42;Licht bewolkt;8:03:00
2025-12-04 12:56:58;5.83;Half bewolkt;8:03:00
2025-12-04 13:56:59;6.39;Geheel bewolkt;8:03:00
2025-12-04 14:56:59;6.55;Licht bewolkt;8:03:00
2025-12-04 15:57:00;6.14;Geheel bewolkt;8:03:00
2025-12-04 16:57:00;5.81;Bewolkt;8:03:00
2025-12-04 17:57:00;4.7;Bewolkt;8:03:00
2025-12-04 18:57:01;6.99;Geheel bewolkt;8:03:00
2025-12-04 19:57:01;4.62;Geheel bewolkt;8:03:00
2025-12-04 20:57:02;3.27;Geheel bewolkt;8:03:00
2025-12-04 21:57:02;3.98;Zwaar bewolkt;8:03:00
2025-12-04 22:57:03;3.27;Zwaar bewolkt;8:03:00
2025-12-04 23:57:03;3.01;Half bewolkt;8:03:00
2025-12-05 00:57:03;2.92;Licht bewolkt;8:01:00
2025-12-05 01:57:04;2.7;Licht bewolkt;8:01:00
2025-12-05 02:57:04;2.02;Mist;8:01:00
2025-12-05 03:57:05;1.44;Mist;8:01:00
2025-12-05 04:57:05;1.15;Mist;8:01:00
2025-12-05 05:57:05;2.76;Mist;8:01:00
2025-12-05 06:57:06;2.72;Mist;8:01:00
2025-12-05 07:57:06;2.45;Mist;8:01:00
2025-12-05 08:57:07;2.66;Mist;8:01:00
2025-12-05 09:57:07;2.61;Mist;8:01:00
2025-12-05 10:57:08;2.45;Mist;8:01:00
2025-12-05 11:57:08;3.01;Geheel bewolkt;8:01:00
2025-12-05 12:57:08;4.49;Geheel bewolkt;8:01:00
2025-12-05 13:57:09;4.08;Geheel bewolkt;8:01:00
2025-12-05 14:57:09;4.8;Geheel bewolkt;8:01:00
2025-12-05 15:57:10;5.4;Geheel bewolkt;8:01:00
2025-12-05 16:57:10;4.64;Zwaar bewolkt;8:01:00
2025-12-05 17:57:11;5.23;Geheel bewolkt;8:01:00
2025-12-05 18:57:11;4.18;Half bewolkt;8:01:00
2025-12-05 19:57:12;4.57;Geheel bewolkt;8:01:00
2025-12-05 20:57:12;4.57;Geheel bewolkt;8:01:00
2025-12-05 21:57:12;6.99;Geheel bewolkt;8:01:00
2025-12-05 22:57:13;6.7;Geheel bewolkt;8:01:00
2025-12-05 23:57:13;6.97;Geheel bewolkt;8:01:00
2025-12-06 00:57:14;8.08;Bewolkt;8:00:00
2025-12-06 01:57:14;7.69;Bewolkt;8:00:00
2025-12-06 02:57:15;6.72;Bewolkt;8:00:00
2025-12-06 03:57:15;7.23;Bewolkt;8:00:00
2025-12-06 04:57:15;6.78;Bewolkt;8:00:00
2025-12-06 05:57:16;6.33;Geheel bewolkt;8:00:00
2025-12-06 06:57:16;5.87;Bewolkt;8:00:00
2025-12-06 07:57:17;5.44;Geheel bewolkt;8:00:00
2025-12-06 08:57:17;5.87;Af en toe neerslag;8:00:00
2025-12-06 09:57:18;5.81;Bewolkt;8:00:00
2025-12-06 10:57:18;7.01;Bewolkt;8:00:00
2025-12-06 11:57:18;7.59;Geheel bewolkt;8:00:00
2025-12-06 12:57:19;7.98;Bewolkt;8:00:00
2025-12-06 13:57:19;7.61;Geheel bewolkt;8:00:00
2025-12-06 14:57:20;7.81;Geheel bewolkt;8:00:00
2025-12-06 15:57:20;7.71;Bewolkt;8:00:00
2025-12-06 16:57:20;6.72;Bewolkt;8:00:00
2025-12-06 17:57:21;6.68;Bewolkt;8:00:00
2025-12-06 18:57:21;6.55;Bewolkt;8:00:00
2025-12-06 19:57:22;7.01;Bewolkt;8:00:00
2025-12-06 20:57:22;6.53;Bewolkt;8:00:00
2025-12-06 21:57:23;8.53;Bewolkt;8:00:00
2025-12-06 22:57:23;7.85;Bewolkt;8:00:00
2025-12-06 23:57:24;7.63;Bewolkt;8:00:00
2025-12-07 00:57:24;7.17;Bewolkt;7:58:00
2025-12-07 01:57:24;5.71;Bewolkt;7:58:00
2025-12-07 02:57:25;5.25;Geheel bewolkt;7:58:00
2025-12-07 03:57:25;5.46;Geheel bewolkt;7:58:00
2025-12-07 04:57:26;6.0;Geheel bewolkt;7:58:00
2025-12-07 05:57:26;4.55;Geheel bewolkt;7:58:00
2025-12-07 06:57:27;4.53;Geheel bewolkt;7:58:00
2025-12-07 07:57:27;4.99;Geheel bewolkt;7:58:00
2025-12-07 08:57:27;3.75;Geheel bewolkt;7:58:00
2025-12-07 09:57:28;4.99;Geheel bewolkt;7:58:00
2025-12-07 10:57:28;3.83;Geheel bewolkt;7:58:00
2025-12-07 11:57:34;4.26;Geheel bewolkt;7:58:00
2025-12-07 12:57:34;3.85;Geheel bewolkt;7:58:00
2025-12-07 13:57:35;4.45;Geheel bewolkt;7:58:00
2025-12-07 14:57:35;4.45;Geheel bewolkt;7:58:00
2025-12-07 15:57:35;4.08;Bewolkt;7:58:00
2025-12-07 16:57:36;4.62;Bewolkt;7:58:00
2025-12-07 17:57:36;5.11;Bewolkt;7:58:00
2025-12-07 18:57:37;4.47;Bewolkt;7:58:00
2025-12-07 19:57:37;10.06;Bewolkt;7:58:00
2025-12-07 20:57:42;10.95;Bewolkt;7:58:00
2025-12-07 21:57:43;9.94;Onbewolkt;7:58:00
2025-12-07 22:57:43;10.6;Licht bewolkt;7:58:00
2025-12-07 23:57:44;10.39;Half bewolkt;7:58:00
2025-12-08 00:57:44;8.49;Onbewolkt;7:57:00
2025-12-08 01:57:44;8.1;Onbewolkt;7:57:00
2025-12-08 02:57:45;8.41;Onbewolkt;7:57:00
2025-12-08 03:57:45;6.1;Licht bewolkt;7:57:00
2025-12-08 04:57:46;5.19;Licht bewolkt;7:57:00
2025-12-08 05:57:46;4.59;Licht bewolkt;7:57:00
2025-12-08 06:57:46;5.11;Zwaar bewolkt;7:57:00
2025-12-08 07:57:47;4.22;Geheel bewolkt;7:57:00
2025-12-08 08:57:47;2.92;Geheel bewolkt;7:57:00
2025-12-08 09:57:48;5.28;Zwaar bewolkt;7:57:00
2025-12-08 10:57:48;7.19;Geheel bewolkt;7:57:00
2025-12-08 11:57:49;7.19;Geheel bewolkt;7:57:00
2025-12-08 12:57:49;7.19;Geheel bewolkt;7:57:00
2025-12-08 13:57:49;7.19;Geheel bewolkt;7:57:00
2025-12-08 14:57:50;7.19;Geheel bewolkt;7:57:00
2025-12-08 15:57:50;7.19;Geheel bewolkt;7:57:00
2025-12-08 16:57:51;7.19;Geheel bewolkt;7:57:00
2025-12-08 17:57:51;7.19;Geheel bewolkt;7:57:00
2025-12-08 18:57:52;7.19;Geheel bewolkt;7:57:00
2025-12-08 19:57:52;7.19;Geheel bewolkt;7:57:00
2025-12-08 20:57:52;7.19;Geheel bewolkt;7:57:00
2025-12-08 21:57:53;7.19;Geheel bewolkt;7:57:00
2025-12-08 22:57:53;7.19;Geheel bewolkt;7:57:00
2025-12-08 23:57:54;7.19;Geheel bewolkt;7:57:00
2025-12-09 00:57:54;7.19;Geheel bewolkt;7:55:00
2025-12-09 01:57:55;7.19;Geheel bewolkt;7:55:00
2025-12-09 02:57:55;7.19;Geheel bewolkt;7:55:00
2025-12-09 03:57:55;7.19;Geheel bewolkt;7:55:00
2025-12-09 04:57:56;7.19;Geheel bewolkt;7:55:00
2025-12-09 05:57:56;7.19;Geheel bewolkt;7:55:00
2025-12-09 06:57:57;7.19;Geheel bewolkt;7:55:00
2025-12-09 07:57:57;7.19;Geheel bewolkt;7:55:00
2025-12-09 08:57:57;7.19;Geheel bewolkt;7:55:00
2025-12-09 09:57:58;7.19;Geheel bewolkt;7:55:00
2025-12-09 10:57:58;7.19;Geheel bewolkt;7:55:00
2025-12-09 11:57:59;7.19;Geheel bewolkt;7:55:00
2025-12-09 12:57:59;5.42;Bewolkt;7:55:00
2025-12-09 13:57:59;5.48;Bewolkt;7:55:00
2025-12-09 14:58:00;6.31;Geheel bewolkt;7:55:00
2025-12-09 15:58:00;5.23;Geheel bewolkt;7:55:00
2025-12-09 16:58:01;5.69;Geheel bewolkt;7:55:00
2025-12-09 17:58:01;7.36;Geheel bewolkt;7:55:00
2025-12-09 18:58:02;7.15;Geheel bewolkt;7:55:00
2025-12-09 19:58:02;7.69;Geheel bewolkt;7:55:00
2025-12-09 20:58:02;8.12;Geheel bewolkt;7:55:00
2025-12-09 21:58:03;7.63;Geheel bewolkt;7:55:00
2025-12-09 22:58:08;6.95;Bewolkt;7:55:00
2025-12-09 23:58:09;6.99;Bewolkt;7:55:00
2025-12-10 00:58:09;7.01;Geheel bewolkt;7:54:00
2025-12-10 01:58:10;7.59;Licht bewolkt;7:54:00
2025-12-10 02:58:10;7.01;Licht bewolkt;7:54:00
2025-12-10 03:58:11;7.38;Onbewolkt;7:54:00
2025-12-10 04:58:11;5.73;Onbewolkt;7:54:00
2025-12-10 05:58:11;4.8;Licht bewolkt;7:54:00
2025-12-10 06:58:12;5.58;Onbewolkt;7:54:00
2025-12-10 07:58:12;4.47;Zwaar bewolkt;7:54:00
2025-12-10 08:58:13;5.42;Half bewolkt;7:54:00
2025-12-10 09:58:13;5.91;Onbewolkt;7:54:00
2025-12-10 10:58:13;6.27;Geheel bewolkt;7:54:00
2025-12-10 11:58:14;6.84;Licht bewolkt;7:54:00
2025-12-10 12:58:14;7.07;Geheel bewolkt;7:54:00
2025-12-10 13:58:15;6.8;Zwaar bewolkt;7:54:00
2025-12-10 14:58:15;8.68;Half bewolkt;7:54:00
2025-12-10 15:58:15;7.69;Zwaar bewolkt;7:54:00
2025-12-10 16:58:16;7.13;Half bewolkt;7:54:00
2025-12-10 17:58:16;6.9;Half bewolkt;7:54:00
2025-12-10 18:58:17;6.53;Half bewolkt;7:54:00
2025-12-10 19:58:17;5.48;Onbewolkt;7:54:00
2025-12-10 20:58:18;4.57;Onbewolkt;7:54:00
2025-12-10 21:58:18;4.7;Onbewolkt;7:54:00
2025-12-10 22:58:18;3.87;Onbewolkt;7:54:00
2025-12-10 23:58:19;3.85;Onbewolkt;7:54:00
2025-12-11 00:58:19;4.02;Licht bewolkt;7:53:00
2025-12-11 01:58:20;3.96;Onbewolkt;7:53:00
2025-12-11 02:58:20;3.89;Licht bewolkt;7:53:00
2025-12-11 03:58:21;3.11;Onbewolkt;7:53:00
2025-12-11 04:58:21;3.27;Onbewolkt;7:53:00
2025-12-11 05:58:22;3.6;Onbewolkt;7:53:00
2025-12-11 06:58:22;4.14;Zwaar bewolkt;7:53:00
2025-12-11 07:58:22;5.36;Geheel bewolkt;7:53:00
2025-12-11 08:58:23;5.17;Geheel bewolkt;7:53:00
2025-12-11 09:58:23;6.0;Geheel bewolkt;7:53:00
2025-12-11 10:58:24;4.82;Geheel bewolkt;7:53:00
2025-12-11 11:58:24;5.56;Geheel bewolkt;7:53:00
2025-12-11 12:58:25;4.76;Geheel bewolkt;7:53:00
2025-12-11 13:58:25;5.25;Licht bewolkt;7:53:00
2025-12-11 14:58:25;4.45;Licht bewolkt;7:53:00
2025-12-11 15:58:26;3.17;Licht bewolkt;7:53:00
2025-12-11 16:58:26;3.25;Licht bewolkt;7:53:00
2025-12-11 17:58:27;3.75;Zwaar bewolkt;7:53:00
2025-12-11 18:58:27;4.84;Geheel bewolkt;7:53:00
2025-12-11 19:58:27;5.46;Geheel bewolkt;7:53:00
2025-12-11 20:58:28;4.68;Geheel bewolkt;7:53:00
2025-12-11 21:58:28;3.89;Geheel bewolkt;7:53:00
2025-12-11 22:58:29;5.01;Geheel bewolkt;7:53:00
2025-12-11 23:58:29;5.01;Geheel bewolkt;7:53:00
2025-12-12 00:58:30;1.81;Geheel bewolkt;7:52:00
2025-12-12 01:58:30;3.25;Geheel bewolkt;7:52:00
2025-12-12 02:58:30;3.87;Geheel bewolkt;7:52:00
2025-12-12 03:58:31;3.87;Geheel bewolkt;7:52:00
2025-12-12 04:58:31;4.92;Geheel bewolkt;7:52:00
2025-12-12 05:58:32;4.99;Geheel bewolkt;7:52:00
2025-12-12 06:58:32;4.29;Geheel bewolkt;7:52:00
2025-12-12 07:58:32;3.19;Geheel bewolkt;7:52:00
2025-12-12 08:58:33;3.69;Geheel bewolkt;7:52:00
2025-12-12 09:58:33;3.15;Geheel bewolkt;7:52:00
2025-12-12 10:58:34;3.21;Geheel bewolkt;7:52:00
2025-12-12 11:58:34;3.09;Geheel bewolkt;7:52:00
2025-12-12 12:58:35;2.9;Geheel bewolkt;7:52:00
2025-12-12 13:58:35;2.37;Geheel bewolkt;7:52:00
2025-12-12 14:58:36;2.53;Geheel bewolkt;7:52:00
2025-12-12 15:58:36;2.68;Geheel bewolkt;7:52:00
2025-12-12 16:58:36;2.14;Geheel bewolkt;7:52:00
2025-12-12 17:58:37;3.91;Geheel bewolkt;7:52:00
2025-12-12 18:58:37;2.24;Geheel bewolkt;7:52:00
2025-12-12 19:58:38;4.37;Geheel bewolkt;7:52:00
2025-12-12 20:58:38;4.08;Geheel bewolkt;7:52:00
2025-12-12 21:58:38;5.69;Half bewolkt;7:52:00
2025-12-12 22:58:39;4.57;Licht bewolkt;7:52:00
2025-12-12 23:58:39;4.02;Zwaar bewolkt;7:52:00
2025-12-13 00:58:40;4.51;Geheel bewolkt;7:51:00
2025-12-13 01:58:40;4.82;Geheel bewolkt;7:51:00
2025-12-13 02:58:41;5.09;Geheel bewolkt;7:51:00
2025-12-13 03:58:41;4.37;Geheel bewolkt;7:51:00
2025-12-13 04:58:47;3.96;Geheel bewolkt;7:51:00
2025-12-13 05:58:47;2.86;Geheel bewolkt;7:51:00
2025-12-13 06:58:48;2.2;Geheel bewolkt;7:51:00
2025-12-13 07:58:48;2.02;Zwaar bewolkt;7:51:00
2025-12-13 08:58:49;1.48;Geheel bewolkt;7:51:00
2025-12-13 09:58:49;2.22;Half bewolkt;7:51:00
2025-12-13 10:58:49;2.35;Onbewolkt;7:51:00
2025-12-13 11:58:50;3.36;Licht bewolkt;7:51:00
2025-12-13 12:58:50;4.37;Onbewolkt;7:51:00
2025-12-13 13:58:51;4.37;Onbewolkt;7:51:00
2025-12-13 14:58:51;4.16;Onbewolkt;7:51:00
2025-12-13 15:58:52;3.07;Onbewolkt;7:51:00
2025-12-13 16:58:52;2.14;Licht bewolkt;7:51:00
2025-12-13 17:58:53;1.91;Licht bewolkt;7:51:00
2025-12-13 18:58:53;1.77;Licht bewolkt;7:51:00
2025-12-13 19:58:54;1.93;Licht bewolkt;7:51:00
2025-12-13 20:58:54;2.43;Licht bewolkt;7:51:00
2025-12-13 21:58:55;1.93;Mist;7:51:00
2025-12-13 22:58:55;2.26;Mist;7:51:00
2025-12-13 23:58:56;2.26;Mist;7:51:00
2025-12-14 00:58:56;2.64;Mist;7:50:00
2025-12-14 01:58:57;2.31;Mist;7:50:00
2025-12-14 02:58:57;2.55;Licht bewolkt;7:50:00
2025-12-14 03:58:57;2.68;Licht bewolkt;7:50:00
2025-12-14 04:58:58;3.89;Mist;7:50:00
2025-12-14 05:58:58;4.37;Mist;7:50:00
2025-12-14 06:58:59;4.86;Geheel bewolkt;7:50:00
2025-12-14 07:58:59;5.75;Geheel bewolkt;7:50:00
2025-12-14 08:59:00;6.39;Geheel bewolkt;7:50:00
2025-12-14 09:59:00;5.13;Geheel bewolkt;7:50:00
2025-12-14 10:59:00;6.7;Geheel bewolkt;7:50:00
2025-12-14 11:59:01;5.48;Geheel bewolkt;7:50:00
2025-12-14 12:59:01;6.6;Geheel bewolkt;7:50:00
2025-12-14 13:59:02;6.12;Geheel bewolkt;7:50:00
2025-12-14 14:59:02;6.35;Geheel bewolkt;7:50:00
2025-12-14 15:59:03;5.85;Geheel bewolkt;7:50:00
2025-12-14 16:59:03;5.61;Geheel bewolkt;7:50:00
2025-12-14 17:59:04;4.99;Geheel bewolkt;7:50:00
2025-12-14 18:59:04;4.92;Geheel bewolkt;7:50:00
2025-12-14 19:59:06;5.19;Geheel bewolkt;7:50:00
2025-12-14 20:59:06;5.65;Geheel bewolkt;7:50:00
2025-12-14 21:59:07;5.32;Geheel bewolkt;7:50:00
2025-12-14 22:59:07;6.53;Geheel bewolkt;7:50:00
2025-12-14 23:59:08;6.16;Geheel bewolkt;7:50:00
2025-12-15 00:59:08;7.34;Geheel bewolkt;7:50:00
2025-12-15 01:59:08;6.47;Geheel bewolkt;7:50:00
2025-12-15 02:59:09;6.1;Geheel bewolkt;7:50:00
2025-12-15 03:59:09;6.14;Geheel bewolkt;7:50:00
2025-12-15 04:59:10;5.48;Geheel bewolkt;7:50:00
2025-12-15 05:59:10;5.75;Geheel bewolkt;7:50:00
2025-12-15 06:59:11;7.52;Geheel bewolkt;7:50:00
2025-12-15 07:59:11;6.72;Geheel bewolkt;7:50:00
2025-12-15 08:59:12;4.49;Geheel bewolkt;7:50:00
2025-12-15 09:59:12;5.44;Geheel bewolkt;7:50:00
2025-12-15 10:59:13;7.73;Geheel bewolkt;7:50:00
2025-12-15 11:59:13;6.86;Geheel bewolkt;7:50:00
2025-12-15 12:59:13;6.62;Geheel bewolkt;7:50:00
2025-12-15 13:59:14;6.84;Geheel bewolkt;7:50:00
2025-12-15 14:59:14;5.63;Geheel bewolkt;7:50:00
2025-12-15 15:59:15;3.48;Licht bewolkt;7:50:00
2025-12-15 16:59:15;3.65;Licht bewolkt;7:50:00
2025-12-15 17:59:16;4.41;Geheel bewolkt;7:50:00
2025-12-15 18:59:16;5.34;Geheel bewolkt;7:50:00
2025-12-15 19:59:17;4.14;Geheel bewolkt;7:50:00
2025-12-15 20:59:17;4.1;Geheel bewolkt;7:50:00
2025-12-15 21:59:18;3.67;Geheel bewolkt;7:50:00
2025-12-15 22:59:18;3.27;Licht bewolkt;7:50:00
2025-12-15 23:59:18;3.65;Licht bewolkt;7:50:00
2025-12-16 00:59:19;3.21;Licht bewolkt;7:49:00
2025-12-16 01:59:19;2.02;Zwaar bewolkt;7:49:00
2025-12-16 02:59:20;2.51;Geheel bewolkt;7:49:00
2025-12-16 03:59:20;2.41;Geheel bewolkt;7:49:00
2025-12-16 04:59:21;3.3;Bewolkt;7:49:00
2025-12-16 05:59:21;2.28;Geheel bewolkt;7:49:00
2025-12-16 06:59:22;2.94;Geheel bewolkt;7:49:00
2025-12-16 08:59:33;3.17;Bewolkt;7:49:00
2025-12-16 09:59:33;2.31;Geheel bewolkt;7:49:00
2025-12-16 10:59:34;1.85;Bewolkt;7:49:00
2025-12-16 11:59:34;2.7;Bewolkt;7:49:00
2025-12-16 12:59:34;3.09;Bewolkt;7:49:00
2025-12-16 13:59:35;4.16;Geheel bewolkt;7:49:00
2025-12-16 14:59:35;2.61;Geheel bewolkt;7:49:00
2025-12-16 15:59:36;1.42;Licht bewolkt;7:49:00
2025-12-16 16:59:36;2.1;Licht bewolkt;7:49:00
2025-12-16 17:59:37;0.82;Half bewolkt;7:49:00
2025-12-16 18:59:37;2.02;Geheel bewolkt;7:49:00
2025-12-16 19:59:37;1.79;Geheel bewolkt;7:49:00
2025-12-16 20:59:38;1.42;Geheel bewolkt;7:49:00
2025-12-16 21:59:38;0.39;Mist;7:49:00
2025-12-16 22:59:39;0.8;Mist;7:49:00
2025-12-16 23:01:38;0.8;Mist;7:49:00
2025-12-17 00:01:38;1.77;Geheel bewolkt;7:49:00
2025-12-17 01:01:39;1.91;Geheel bewolkt;7:48:00
2025-12-17 02:01:39;1.93;Geheel bewolkt;7:48:00
2025-12-17 03:01:40;1.95;Zwaar bewolkt;7:48:00
2025-12-17 04:01:40;1.48;Geheel bewolkt;7:48:00
2025-12-17 05:01:41;2.55;Geheel bewolkt;7:48:00
2025-12-17 06:01:41;3.09;Geheel bewolkt;7:48:00
2025-12-17 07:01:42;3.48;Geheel bewolkt;7:48:00
2025-12-17 08:01:42;2.72;Geheel bewolkt;7:48:00
2025-12-17 09:01:43;2.88;Geheel bewolkt;7:48:00
2025-12-17 10:01:43;2.86;Bewolkt;7:48:00
2025-12-17 11:01:44;2.45;Geheel bewolkt;7:48:00
2025-12-17 12:01:44;2.55;Geheel bewolkt;7:48:00
2025-12-17 13:01:45;2.82;Half bewolkt;7:48:00
2025-12-17 14:01:45;3.98;Geheel bewolkt;7:48:00
2025-12-17 15:01:46;3.46;Geheel bewolkt;7:48:00
2025-12-17 16:01:46;3.05;Zwaar bewolkt;7:48:00
2025-12-17 17:01:46;5.4;Onbewolkt;7:48:00
2025-12-17 18:01:47;3.36;Licht bewolkt;7:48:00
2025-12-22 08:19:37;3.98;Licht bewolkt;7:47:00
2025-12-22 09:19:38;4.86;Licht bewolkt;7:47:00
2025-12-22 10:19:38;4.53;Licht bewolkt;7:47:00
2025-12-22 11:19:39;4.47;Licht bewolkt;7:47:00
2025-12-22 12:19:39;4.43;Geheel bewolkt;7:47:00
2025-12-22 13:19:40;4.92;Geheel bewolkt;7:47:00
2025-12-22 14:19:41;3.75;Geheel bewolkt;7:47:00
2025-12-22 15:19:41;4.7;Geheel bewolkt;7:47:00
2025-12-22 16:19:42;3.19;Licht bewolkt;7:47:00
2025-12-22 17:19:42;3.91;Geheel bewolkt;7:47:00
2025-12-22 18:19:43;4.49;Licht bewolkt;7:47:00
2025-12-22 19:19:43;3.69;Licht bewolkt;7:47:00
2025-12-22 20:19:43;4.47;Licht bewolkt;7:47:00
2025-12-22 21:19:44;3.27;Licht bewolkt;7:47:00
2025-12-22 22:19:44;4.8;Licht bewolkt;7:47:00
2025-12-22 23:19:45;4.97;Licht bewolkt;7:47:00
2025-12-23 00:19:45;4.26;Zwaar bewolkt;7:48:00
2025-12-23 01:19:46;4.22;Geheel bewolkt;7:48:00
2025-12-23 02:19:46;2.24;Geheel bewolkt;7:48:00
2025-12-23 03:19:47;3.48;Geheel bewolkt;7:48:00
2025-12-23 04:19:47;5.34;Geheel bewolkt;7:48:00
2025-12-23 05:19:47;5.56;Geheel bewolkt;7:48:00
2025-12-23 06:19:48;5.71;Geheel bewolkt;7:48:00
2025-12-23 07:19:48;5.71;Geheel bewolkt;7:48:00
2025-12-23 08:19:54;5.44;Geheel bewolkt;7:48:00
2025-12-23 09:19:54;5.79;Geheel bewolkt;7:48:00
2025-12-23 10:19:55;5.5;Geheel bewolkt;7:48:00
2025-12-23 11:19:55;5.34;Geheel bewolkt;7:48:00
2025-12-23 12:19:55;7.61;Geheel bewolkt;7:48:00
2025-12-23 13:19:56;7.19;Geheel bewolkt;7:48:00
2025-12-23 14:19:56;7.89;Geheel bewolkt;7:48:00
2025-12-23 15:19:57;7.19;Geheel bewolkt;7:48:00
2025-12-23 16:19:57;7.52;Geheel bewolkt;7:48:00
2025-12-23 17:19:57;6.66;Geheel bewolkt;7:48:00
2025-12-23 18:19:58;8.55;Geheel bewolkt;7:48:00
2025-12-23 19:19:58;8.2;Geheel bewolkt;7:48:00
2025-12-23 20:19:59;8.0;Geheel bewolkt;7:48:00
2025-12-23 21:19:59;7.19;Geheel bewolkt;7:48:00
2025-12-23 22:20:00;7.63;Geheel bewolkt;7:48:00
2025-12-23 23:20:00;7.19;Geheel bewolkt;7:48:00
2025-12-24 00:20:00;6.64;Geheel bewolkt;7:47:00
2025-12-24 01:20:01;6.33;Geheel bewolkt;7:47:00
2025-12-24 02:20:01;6.04;Geheel bewolkt;7:47:00
2025-12-24 03:20:02;6.2;Licht bewolkt;7:47:00
2025-12-24 04:20:02;5.13;Onbewolkt;7:47:00
2025-12-24 05:20:02;6.82;Onbewolkt;7:47:00
2025-12-24 06:20:03;6.12;Onbewolkt;7:47:00
2025-12-24 07:20:03;6.37;Onbewolkt;7:47:00
2025-12-24 08:20:04;7.07;Onbewolkt;7:47:00
2025-12-24 09:20:04;7.56;Onbewolkt;7:47:00
2025-12-24 10:20:05;7.44;Onbewolkt;7:47:00
2025-12-24 11:20:05;7.46;Onbewolkt;7:47:00
2025-12-24 12:20:05;8.78;Onbewolkt;7:47:00
2025-12-24 13:20:06;9.87;Onbewolkt;7:47:00
2025-12-24 14:20:06;8.82;Onbewolkt;7:47:00
2025-12-24 15:20:07;8.74;Onbewolkt;7:47:00
2025-12-24 16:20:07;10.56;Onbewolkt;7:47:00
2025-12-24 17:20:08;7.65;Onbewolkt;7:47:00
2025-12-24 18:20:08;7.01;Onbewolkt;7:47:00
2025-12-24 19:20:08;7.75;Onbewolkt;7:47:00
2025-12-24 20:20:09;8.16;Onbewolkt;7:47:00
2025-12-24 21:20:09;7.61;Onbewolkt;7:47:00
2025-12-24 22:20:10;7.38;Onbewolkt;7:47:00
2025-12-24 23:20:10;8.39;Onbewolkt;7:47:00
2025-12-25 00:20:10;7.23;Onbewolkt;7:48:00
2025-12-25 01:20:11;7.75;Onbewolkt;7:48:00
2025-12-25 02:20:11;6.14;Onbewolkt;7:48:00
2025-12-25 03:20:12;7.83;Onbewolkt;7:48:00
2025-12-25 04:20:12;7.61;Onbewolkt;7:48:00
2025-12-25 05:20:12;6.29;Onbewolkt;7:48:00
2025-12-25 06:20:13;7.07;Onbewolkt;7:48:00
2025-12-25 07:20:13;7.46;Onbewolkt;7:48:00
2025-12-25 08:20:14;6.9;Onbewolkt;7:48:00
2025-12-25 09:20:14;6.43;Onbewolkt;7:48:00
2025-12-25 10:20:15;7.15;Onbewolkt;7:48:00
2025-12-25 11:20:15;8.33;Onbewolkt;7:48:00
2025-12-25 12:20:15;9.69;Onbewolkt;7:48:00
2025-12-25 13:20:16;7.61;Onbewolkt;7:48:00
2025-12-25 14:20:16;7.03;Onbewolkt;7:48:00
2025-12-25 15:20:17;6.9;Onbewolkt;7:48:00
2025-12-25 16:20:17;6.84;Onbewolkt;7:48:00
2025-12-25 17:20:18;7.81;Onbewolkt;7:48:00
2025-12-25 18:20:26;6.62;Onbewolkt;7:48:00
2025-12-25 19:20:26;6.53;Onbewolkt;7:48:00
2025-12-25 20:20:27;6.66;Onbewolkt;7:48:00
2025-12-25 21:20:27;6.51;Onbewolkt;7:48:00
2025-12-25 22:20:28;5.13;Onbewolkt;7:48:00
2025-12-25 23:20:28;5.19;Onbewolkt;7:48:00
2025-12-26 00:20:29;4.08;Licht bewolkt;7:49:00
2025-12-26 01:20:29;4.33;Onbewolkt;7:49:00
2025-12-26 02:20:29;4.72;Onbewolkt;7:49:00
2025-12-26 03:20:31;4.39;Onbewolkt;7:49:00
2025-12-26 04:20:31;5.36;Onbewolkt;7:49:00
2025-12-26 05:20:32;4.51;Onbewolkt;7:49:00
2025-12-26 06:20:32;4.18;Onbewolkt;7:49:00
2025-12-26 07:20:33;4.55;Onbewolkt;7:49:00
2025-12-26 08:20:33;5.05;Onbewolkt;7:49:00
2025-12-26 09:20:33;4.1;Onbewolkt;7:49:00
2025-12-26 10:20:34;4.55;Onbewolkt;7:49:00
2025-12-26 12:20:35;6.29;Onbewolkt;7:49:00
2025-12-26 13:20:35;5.36;Onbewolkt;7:49:00
2025-12-26 14:20:36;6.02;Onbewolkt;7:49:00
2025-12-26 15:20:36;4.49;Onbewolkt;7:49:00
2025-12-26 16:20:37;4.53;Onbewolkt;7:49:00
2025-12-26 17:20:37;4.43;Onbewolkt;7:49:00
2025-12-26 18:20:38;4.9;Licht bewolkt;7:49:00
2025-12-26 19:20:38;4.99;Half bewolkt;7:49:00
2025-12-26 20:20:38;3.91;Licht bewolkt;7:49:00
2025-12-26 21:20:39;3.3;Licht bewolkt;7:49:00
2025-12-26 22:20:39;3.5;Onbewolkt;7:49:00
2025-12-26 23:20:40;4.0;Onbewolkt;7:49:00
2025-12-27 00:20:40;4.22;Onbewolkt;7:50:00
2025-12-27 01:20:40;5.65;Onbewolkt;7:50:00
2025-12-27 02:20:41;4.14;Onbewolkt;7:50:00
2025-12-27 03:20:41;4.64;Licht bewolkt;7:50:00
2025-12-27 04:20:42;3.69;Onbewolkt;7:50:00
2025-12-27 05:20:42;4.18;Licht bewolkt;7:50:00
2025-12-27 06:20:43;3.09;Onbewolkt;7:50:00
2025-12-27 07:20:43;3.36;Onbewolkt;7:50:00
2025-12-27 08:20:44;3.03;Licht bewolkt;7:50:00
2025-12-27 09:20:44;4.59;Geheel bewolkt;7:50:00
2025-12-27 10:20:44;1.56;Geheel bewolkt;7:50:00
2025-12-27 11:20:45;2.78;Geheel bewolkt;7:50:00
2025-12-27 12:20:45;2.14;Geheel bewolkt;7:50:00
2025-12-27 13:20:46;2.66;Geheel bewolkt;7:50:00
2025-12-27 14:20:46;3.01;Geheel bewolkt;7:50:00
2025-12-27 15:20:46;2.88;Geheel bewolkt;7:50:00
2025-12-27 16:20:47;3.77;Geheel bewolkt;7:50:00
2025-12-27 17:20:47;2.51;Geheel bewolkt;7:50:00
2025-12-27 18:20:48;2.0;Geheel bewolkt;7:50:00
2025-12-27 19:20:48;3.27;Geheel bewolkt;7:50:00
2025-12-27 20:20:49;3.63;Geheel bewolkt;7:50:00
2025-12-27 21:20:49;2.99;Geheel bewolkt;7:50:00
2025-12-27 22:20:49;4.31;Geheel bewolkt;7:50:00
2025-12-27 23:20:50;3.25;Geheel bewolkt;7:50:00
2025-12-28 00:20:50;3.03;Geheel bewolkt;7:49:00
2025-12-28 01:20:51;3.67;Geheel bewolkt;7:49:00
2025-12-28 02:20:51;3.05;Geheel bewolkt;7:49:00
2025-12-28 03:20:52;2.92;Geheel bewolkt;7:49:00
2025-12-28 04:20:52;2.2;Geheel bewolkt;7:49:00
2025-12-28 05:20:52;1.85;Geheel bewolkt;7:49:00
2025-12-28 06:20:53;1.4;Geheel bewolkt;7:49:00
2025-12-28 07:20:53;2.49;Geheel bewolkt;7:49:00
2025-12-28 08:20:54;1.81;Geheel bewolkt;7:49:00
2025-12-28 09:20:54;2.74;Geheel bewolkt;7:49:00
2025-12-28 10:20:54;2.51;Zwaar bewolkt;7:49:00
2025-12-28 11:20:55;2.55;Zwaar bewolkt;7:49:00
2025-12-28 12:20:55;2.53;Half bewolkt;7:49:00
2025-12-28 13:20:56;3.01;Licht bewolkt;7:49:00
2025-12-28 14:20:56;3.48;Half bewolkt;7:49:00
2025-12-28 15:20:56;3.36;Onbewolkt;7:49:00
2025-12-28 16:20:57;2.82;Onbewolkt;7:49:00
2025-12-28 17:20:57;2.1;Onbewolkt;7:49:00
2025-12-28 18:20:58;1.09;Onbewolkt;7:49:00
2025-12-28 19:20:58;1.09;Onbewolkt;7:49:00
2025-12-28 20:20:59;1.19;Mist met rijp;7:49:00
2025-12-28 21:20:59;1.11;Mist met rijp;7:49:00
2025-12-28 22:20:59;1.65;Mist met rijp;7:49:00
2025-12-28 23:21:00;0.24;Mist met rijp;7:49:00
2025-12-29 00:21:00;0.68;Mist met rijp;7:50:00
2025-12-29 01:21:01;0.57;Mist met rijp;7:50:00
2025-12-29 02:21:01;0.8;Zwaar bewolkt;7:50:00
2025-12-29 03:21:01;1.6;Geheel bewolkt;7:50:00
2025-12-29 04:21:02;1.11;Geheel bewolkt;7:50:00
2025-12-29 05:21:02;1.01;Geheel bewolkt;7:50:00
2025-12-29 06:21:03;1.67;Geheel bewolkt;7:50:00
2025-12-29 07:21:03;1.85;Geheel bewolkt;7:50:00
2025-12-29 08:21:04;1.23;Geheel bewolkt;7:50:00
2025-12-29 09:21:04;1.83;Geheel bewolkt;7:50:00
2025-12-29 10:21:04;0.74;Geheel bewolkt;7:50:00
2025-12-29 11:21:05;1.11;Geheel bewolkt;7:50:00
2025-12-29 12:21:05;0.22;Geheel bewolkt;7:50:00
2025-12-29 13:21:06;2.82;Geheel bewolkt;7:50:00
2025-12-29 14:21:06;2.37;Geheel bewolkt;7:50:00
2025-12-29 15:21:07;2.72;Bewolkt;7:50:00
2025-12-29 16:21:07;4.41;Bewolkt;7:50:00
2025-12-29 17:21:07;1.42;Bewolkt;7:50:00
2025-12-29 18:21:08;2.53;Bewolkt;7:50:00
2025-12-29 19:21:08;3.03;Bewolkt;7:50:00
2025-12-29 20:21:09;2.84;Geheel bewolkt;7:50:00
2025-12-29 21:21:09;2.97;Geheel bewolkt;7:50:00
2025-12-29 22:21:09;2.94;Bewolkt;7:50:00
2025-12-29 23:21:10;2.97;Bewolkt;7:50:00
2025-12-30 00:21:10;3.34;Bewolkt;7:51:00
2025-12-30 01:21:11;3.65;Licht bewolkt;7:51:00
2025-12-30 02:21:11;2.64;Half bewolkt;7:51:00
2025-12-30 03:21:12;2.7;Onbewolkt;7:51:00
2025-12-30 04:21:12;2.76;Onbewolkt;7:51:00
2025-12-30 05:21:12;3.25;Zwaar bewolkt;7:51:00
2025-12-30 06:21:13;2.16;Licht bewolkt;7:51:00
2025-12-30 07:21:13;3.65;Geheel bewolkt;7:51:00
2025-12-30 08:21:14;2.28;Half bewolkt;7:51:00
2025-12-30 09:21:14;2.18;Zwaar bewolkt;7:51:00
2025-12-30 10:21:14;2.26;Onbewolkt;7:51:00
2025-12-30 11:21:15;3.58;Licht bewolkt;7:51:00
2025-12-30 12:21:15;4.04;Licht bewolkt;7:51:00
2025-12-30 13:21:16;5.42;Half bewolkt;7:51:00
2025-12-30 14:21:16;5.77;Geheel bewolkt;7:51:00
2025-12-30 15:21:17;4.49;Half bewolkt;7:51:00
2025-12-30 16:21:17;3.25;Half bewolkt;7:51:00
2025-12-30 17:21:17;2.43;Bewolkt;7:51:00
2025-12-30 18:21:18;1.27;Zwaar bewolkt;7:51:00
2025-12-30 19:21:18;2.66;Af en toe neerslag;7:51:00
2025-12-30 20:21:19;0.59;Bewolkt;7:51:00
2025-12-30 21:21:19;1.6;Bewolkt;7:51:00
2025-12-30 22:21:20;1.07;Mist met rijp;7:51:00
2025-12-30 23:21:20;0.63;Bewolkt;7:51:00
2025-12-31 00:21:20;2.22;Bewolkt;7:52:00
2025-12-31 01:21:21;1.77;Droog na neerslag;7:52:00
2025-12-31 02:21:21;1.05;Zwaar bewolkt;7:52:00
2025-12-31 03:21:22;1.75;Bewolkt;7:52:00
2025-12-31 04:21:22;1.62;Bewolkt;7:52:00
2025-12-31 05:21:22;1.58;Bewolkt;7:52:00
2025-12-31 06:21:23;2.47;Bewolkt;7:52:00
2025-12-31 07:21:23;1.87;Bewolkt;7:52:00
2025-12-31 08:21:46;2.04;Bewolkt;7:52:00
2025-12-31 09:21:46;2.66;Bewolkt;7:52:00
2025-12-31 10:21:47;5.32;Bewolkt;7:52:00
2025-12-31 11:21:47;6.0;Bewolkt;7:52:00
2025-12-31 12:21:47;6.04;Half bewolkt;7:52:00
2025-12-31 13:21:48;5.32;Bewolkt;7:52:00
2025-12-31 14:21:48;5.94;Bewolkt;7:52:00
2025-12-31 15:21:49;5.42;Bewolkt;7:52:00
2025-12-31 16:21:49;6.7;Bewolkt;7:52:00
2025-12-31 17:21:50;6.02;Geheel bewolkt;7:52:00
2025-12-31 18:21:50;5.69;Geheel bewolkt;7:52:00
2025-12-31 19:21:50;5.56;Zwaar bewolkt;7:52:00
2025-12-31 20:21:51;4.68;Zwaar bewolkt;7:52:00
2025-12-31 21:21:51;6.1;Zwaar bewolkt;7:52:00
2025-12-31 22:21:52;6.86;Geheel bewolkt;7:52:00
2025-12-31 23:21:52;6.68;Geheel bewolkt;7:52:00
2026-01-01 00:21:52;7.11;Geheel bewolkt;7:53:00
2026-01-01 01:21:53;8.29;Geheel bewolkt;7:53:00
2026-01-01 02:21:53;8.66;Geheel bewolkt;7:53:00
2026-01-01 04:22:20;8.2;Geheel bewolkt;7:53:00
2026-01-01 05:22:21;8.66;Geheel bewolkt;7:53:00
2026-01-01 06:22:21;10.08;Geheel bewolkt;7:53:00
2026-01-01 07:22:22;10.31;Geheel bewolkt;7:53:00
2026-01-01 08:22:22;10.45;Bewolkt;7:53:00
2026-01-01 09:22:23;9.17;Af en toe neerslag;7:53:00
2026-01-01 10:22:23;10.41;Bewolkt;7:53:00
2026-01-01 11:22:24;10.0;Bewolkt;7:53:00
2026-01-01 12:22:24;10.7;Bewolkt;7:53:00
2026-01-01 13:22:25;9.38;Geheel bewolkt;7:53:00
2026-01-01 14:22:25;9.48;Zwaar bewolkt;7:53:00
2026-01-01 15:22:26;9.3;Zwaar bewolkt;7:53:00
2026-01-01 16:22:26;9.03;Geheel bewolkt;7:53:00
2026-01-01 17:22:26;10.43;Geheel bewolkt;7:53:00
2026-01-01 18:22:27;9.87;Geheel bewolkt;7:53:00
2026-01-01 19:22:27;10.1;Geheel bewolkt;7:53:00
2026-01-01 20:22:28;10.25;Geheel bewolkt;7:53:00
2026-01-01 21:22:28;10.45;Geheel bewolkt;7:53:00
2026-01-01 22:22:29;11.34;Bewolkt;7:53:00
2026-01-01 23:22:29;8.12;Bewolkt;7:53:00
2026-01-02 00:22:29;9.05;Bewolkt;7:55:00
2026-01-02 01:22:30;8.7;Bewolkt;7:55:00
2026-01-02 02:22:30;9.96;Bewolkt;7:55:00
2026-01-02 03:22:31;9.07;Bewolkt;7:55:00
2026-01-02 04:22:31;10.18;Bewolkt;7:55:00
2026-01-02 05:22:31;11.73;Bewolkt;7:55:00
2026-01-02 06:22:32;9.03;Bewolkt;7:55:00
2026-01-02 07:22:32;11.48;Bewolkt;7:55:00
2026-01-02 08:22:33;8.58;Bewolkt;7:55:00
2026-01-02 10:24:19;8.31;Droog na neerslag;7:55:00
2026-01-02 11:24:19;8.8;Bewolkt;7:55:00
2026-01-02 12:24:19;9.52;Bewolkt;7:55:00
2026-01-02 13:24:20;10.51;Bewolkt;7:55:00
2026-01-02 14:24:20;7.17;Bewolkt;7:55:00
2026-01-02 15:24:21;4.78;Bewolkt;7:55:00
2026-01-02 16:24:21;7.59;Half bewolkt;7:55:00
2026-01-02 17:24:22;7.52;Zwaar bewolkt;7:55:00
2026-01-02 18:24:22;7.21;Half bewolkt;7:55:00
2026-01-02 19:24:22;6.93;Licht bewolkt;7:55:00
2026-01-02 20:24:23;6.04;Licht bewolkt;7:55:00
2026-01-02 21:24:23;5.61;Geheel bewolkt;7:55:00
2026-01-02 22:24:24;5.89;Half bewolkt;7:55:00
2026-01-02 23:24:24;6.9;Half bewolkt;7:55:00
2026-01-03 00:24:25;7.05;Droog na neerslag;7:56:00
2026-01-03 01:24:25;7.65;Bewolkt;7:56:00
2026-01-03 02:24:25;7.05;Bewolkt;7:56:00
2026-01-03 03:24:26;7.81;Bewolkt;7:56:00
2026-01-03 04:24:26;8.27;Half bewolkt;7:56:00
2026-01-03 05:24:27;7.15;Onbewolkt;7:56:00
2026-01-03 06:24:27;7.44;Af en toe sneeuw;7:56:00
2026-01-03 07:24:27;5.34;Sneeuw;7:56:00
2026-01-03 08:24:28;8.76;Regen en sneeuw;7:56:00
2026-01-03 09:24:28;7.28;Regen en sneeuw;7:56:00
2026-01-03 10:24:29;6.04;Lichte regen en sneeuw;7:56:00
2026-01-03 11:24:29;7.38;Bewolkt;7:56:00
2026-01-03 12:24:30;8.49;Bewolkt;7:56:00
2026-01-03 13:24:30;7.42;Af en toe neerslag;7:56:00
2026-01-03 14:24:31;6.06;Droog na neerslag;7:56:00
2026-01-03 15:24:31;1.6;Licht bewolkt;7:56:00
2026-01-03 16:24:31;3.38;Half bewolkt;7:56:00
2026-01-03 17:24:32;4.84;Droog na neerslag;7:56:00
2026-01-03 18:24:32;6.78;Zwaar bewolkt;7:56:00
2026-01-03 19:24:33;6.43;Zwaar bewolkt;7:56:00
2026-01-03 20:24:33;9.69;Lichte regen en sneeuw;7:56:00
2026-01-03 21:24:34;4.18;Bewolkt;7:56:00
2026-01-03 22:24:34;2.74;Droog na sneeuw;7:56:00
2026-01-03 23:24:35;4.49;Bewolkt;7:56:00
2026-01-04 00:24:35;2.88;Bewolkt;7:58:00
2026-01-04 01:24:35;4.16;Bewolkt;7:58:00
2026-01-04 02:24:36;8.18;Bewolkt;7:58:00
2026-01-04 03:24:36;7.13;Droog na sneeuw;7:58:00
2026-01-04 04:24:37;10.1;Af en toe neerslag;7:58:00
2026-01-04 05:24:37;6.51;Droog na sneeuw;7:58:00
2026-01-04 06:24:38;7.11;Bewolkt;7:58:00
2026-01-04 07:24:38;6.72;Droog na sneeuw;7:58:00
2026-01-04 08:24:38;6.2;Bewolkt;7:58:00
2026-01-04 09:24:39;7.56;Regen en sneeuw;7:58:00
2026-01-04 10:24:39;5.07;Bewolkt;7:58:00
2026-01-04 11:24:40;6.74;Bewolkt;7:58:00
